Date,Open,High,Low,Close*,Volume,Stock
"Nov 10, 2020",87.19,88.15,83.42,84.20,"490,669",LITE
"Nov 09, 2020",90.75,92.58,88.28,88.59,"1,319,600",LITE
"Nov 06, 2020",90.28,90.48,87.14,88.66,"1,277,000",LITE
"Nov 05, 2020",87.04,90.65,86.25,89.52,"1,622,400",LITE
"Nov 04, 2020",83.00,85.57,82.49,84.90,"917,100",LITE
"Nov 03, 2020",84.10,85.47,81.57,81.79,"1,498,700",LITE
"Nov 02, 2020",83.76,84.89,80.00,81.42,"1,983,900",LITE
"Oct 30, 2020",84.00,85.00,81.58,82.69,"1,292,700",LITE
"Oct 29, 2020",83.82,85.82,82.75,85.18,"1,299,100",LITE
"Oct 28, 2020",82.70,82.99,80.70,81.33,"681,400",LITE
"Oct 27, 2020",82.64,84.81,82.59,83.84,"897,500",LITE
"Oct 26, 2020",83.80,83.86,80.79,82.60,"747,000",LITE
"Oct 23, 2020",85.32,85.70,83.32,84.03,"898,700",LITE
"Oct 22, 2020",84.78,86.28,84.01,85.29,"749,800",LITE
"Oct 21, 2020",84.54,85.66,83.39,83.42,"800,000",LITE
"Oct 20, 2020",83.85,84.93,83.63,84.33,"830,800",LITE
"Oct 19, 2020",83.33,84.94,82.95,83.31,"777,600",LITE
"Oct 16, 2020",83.48,83.93,81.50,82.73,"880,000",LITE
"Oct 15, 2020",80.75,83.89,80.64,83.54,"1,123,900",LITE
"Oct 14, 2020",83.84,84.49,81.79,82.67,"916,500",LITE
"Oct 13, 2020",84.58,85.48,83.05,83.06,"802,200",LITE
"Oct 12, 2020",83.80,85.19,82.63,84.22,"844,200",LITE
"Oct 09, 2020",83.20,83.88,82.51,82.74,"860,500",LITE
"Oct 08, 2020",81.82,83.88,81.61,82.05,"720,200",LITE
"Oct 07, 2020",81.04,82.13,79.92,80.49,"960,700",LITE
"Oct 06, 2020",81.06,82.81,79.88,80.45,"1,064,600",LITE
"Oct 05, 2020",78.12,80.76,77.75,80.68,"1,085,700",LITE
"Oct 02, 2020",75.54,77.99,75.18,77.37,"1,363,600",LITE
"Oct 01, 2020",76.08,77.50,75.88,77.01,"957,600",LITE
"Sep 30, 2020",74.32,76.80,74.18,75.13,"1,308,100",LITE
"Sep 29, 2020",75.00,75.88,74.33,74.61,"779,100",LITE
"Sep 28, 2020",75.15,75.61,73.92,75.14,"1,085,200",LITE
"Sep 25, 2020",73.43,74.45,72.88,74.20,"912,900",LITE
"Sep 24, 2020",70.85,74.17,70.79,73.03,"1,315,100",LITE
"Sep 23, 2020",74.49,76.29,72.31,72.55,"1,101,900",LITE
"Sep 22, 2020",76.25,76.65,73.36,74.80,"1,686,000",LITE
"Sep 21, 2020",70.28,75.77,70.16,75.71,"2,486,500",LITE
"Sep 18, 2020",71.74,72.40,69.31,71.51,"1,810,100",LITE
"Sep 17, 2020",69.70,70.96,69.25,70.89,"1,432,600",LITE
"Sep 16, 2020",72.17,72.91,71.18,71.35,"1,345,600",LITE
"Sep 15, 2020",74.20,74.70,71.56,71.94,"1,554,000",LITE
"Sep 14, 2020",71.78,73.31,71.52,72.97,"1,503,600",LITE
"Sep 11, 2020",71.03,72.14,69.15,70.49,"1,668,600",LITE
"Sep 10, 2020",73.50,74.20,69.72,70.25,"2,499,800",LITE
"Sep 09, 2020",75.19,75.98,72.10,72.62,"2,077,100",LITE
"Sep 08, 2020",74.01,75.93,73.02,73.11,"1,403,400",LITE
"Sep 04, 2020",77.90,79.69,73.18,76.35,"2,192,100",LITE
"Sep 03, 2020",78.85,78.85,75.38,77.08,"4,310,500",LITE
"Sep 02, 2020",87.14,87.58,84.66,87.39,"903,600",LITE
"Sep 01, 2020",85.27,87.55,85.21,86.28,"909,700",LITE
"Aug 31, 2020",85.46,86.39,84.82,86.00,"619,500",LITE
"Aug 28, 2020",84.47,85.47,83.42,85.25,"595,600",LITE
"Aug 27, 2020",86.72,87.00,84.36,84.43,"607,100",LITE
"Aug 26, 2020",84.75,87.38,84.42,86.33,"1,416,500",LITE
"Aug 25, 2020",84.61,84.73,83.08,84.00,"880,800",LITE
"Aug 24, 2020",86.94,87.35,84.17,84.50,"993,600",LITE
"Aug 21, 2020",83.84,86.18,83.84,85.74,"1,487,100",LITE
"Aug 20, 2020",85.31,87.00,83.43,84.28,"1,454,500",LITE
"Aug 19, 2020",87.13,88.47,86.15,86.71,"839,900",LITE
"Aug 18, 2020",90.20,90.78,86.41,87.19,"1,786,900",LITE
"Aug 17, 2020",94.10,94.10,90.08,90.30,"1,316,200",LITE
"Aug 14, 2020",93.44,94.50,92.50,92.99,"909,800",LITE
"Aug 13, 2020",92.05,95.09,90.91,94.30,"1,186,800",LITE
"Aug 12, 2020",90.16,93.70,90.16,92.97,"1,470,000",LITE
"Aug 11, 2020",92.75,94.46,89.55,89.84,"3,254,700",LITE
"Aug 10, 2020",91.20,91.86,85.89,88.02,"3,124,200",LITE
"Aug 07, 2020",93.67,94.02,89.33,91.34,"1,759,700",LITE
"Aug 06, 2020",94.14,95.56,93.03,93.69,"945,300",LITE
"Aug 05, 2020",94.94,94.95,92.61,94.14,"921,100",LITE
"Aug 04, 2020",95.11,95.91,93.59,95.56,"1,010,400",LITE
"Aug 03, 2020",94.00,96.74,93.89,94.58,"1,292,000",LITE
"Jul 31, 2020",92.50,92.85,90.87,92.83,"1,247,700",LITE
"Jul 30, 2020",88.01,91.64,87.94,91.09,"1,108,600",LITE
"Jul 29, 2020",86.90,89.65,86.90,89.01,"895,400",LITE
"Jul 28, 2020",87.25,88.10,86.28,86.43,"665,900",LITE
"Jul 27, 2020",85.50,87.89,85.00,87.59,"656,700",LITE
"Jul 24, 2020",86.83,87.00,84.27,84.47,"929,100",LITE
"Jul 23, 2020",88.03,90.33,86.69,87.47,"1,234,700",LITE
"Jul 22, 2020",86.68,88.36,86.60,87.24,"613,300",LITE
"Jul 21, 2020",87.67,88.40,86.13,86.66,"726,500",LITE
"Jul 20, 2020",84.54,87.60,83.66,87.13,"1,283,700",LITE
"Jul 17, 2020",82.91,84.65,82.33,84.00,"852,100",LITE
"Jul 16, 2020",81.29,82.36,80.68,82.11,"998,800",LITE
"Jul 15, 2020",81.80,82.94,80.66,82.58,"1,251,200",LITE
"Jul 14, 2020",78.71,81.09,77.76,80.63,"1,125,500",LITE
"Jul 13, 2020",83.84,84.43,78.43,78.50,"1,391,400",LITE
"Jul 10, 2020",83.55,84.00,81.65,82.43,"907,300",LITE
"Jul 09, 2020",83.09,84.54,81.50,83.84,"1,023,100",LITE
"Jul 08, 2020",83.50,85.55,81.15,82.21,"1,537,800",LITE
"Jul 07, 2020",83.99,85.93,82.94,82.95,"1,439,300",LITE
"Jul 06, 2020",83.84,85.54,82.56,84.22,"1,524,100",LITE
"Jul 02, 2020",82.82,84.79,81.89,82.26,"1,669,700",LITE
"Jul 01, 2020",81.75,81.75,79.09,80.18,"1,825,200",LITE
"Jun 30, 2020",78.88,82.27,78.60,81.43,"2,407,000",LITE
"Jun 29, 2020",76.59,78.80,74.83,78.41,"1,978,800",LITE
"Jun 26, 2020",75.76,78.73,75.00,76.13,"12,644,800",LITE
"Jun 25, 2020",72.56,75.68,71.10,75.62,"2,067,500",LITE
"Jun 24, 2020",75.50,75.99,72.79,72.84,"2,025,000",LITE
"Jun 23, 2020",76.25,77.25,75.29,75.93,"1,946,400",LITE
"Jun 22, 2020",74.37,75.62,73.12,75.39,"1,223,800",LITE
"Nov 10, 2020",1.7800,1.8083,1.7200,1.7900,"266,711",DRRX
"Nov 09, 2020",1.7400,1.8500,1.7100,1.7800,"795,000",DRRX
"Nov 06, 2020",1.6800,1.7600,1.6200,1.7100,"898,700",DRRX
"Nov 05, 2020",1.7600,1.7700,1.6700,1.6900,"566,700",DRRX
"Nov 04, 2020",1.6900,1.7700,1.6600,1.7500,"549,900",DRRX
"Nov 03, 2020",1.6700,1.7200,1.5900,1.6500,"1,237,600",DRRX
"Nov 02, 2020",1.8000,1.8200,1.6800,1.7700,"718,700",DRRX
"Oct 30, 2020",1.8500,1.8500,1.7500,1.8100,"660,900",DRRX
"Oct 29, 2020",1.7600,1.7900,1.7100,1.7600,"530,800",DRRX
"Oct 28, 2020",1.7800,1.7900,1.6900,1.7800,"845,000",DRRX
"Oct 27, 2020",1.8400,1.8600,1.7700,1.7900,"601,400",DRRX
"Oct 26, 2020",1.9100,1.9500,1.8400,1.8700,"520,900",DRRX
"Oct 23, 2020",1.9000,1.9700,1.8700,1.9300,"540,800",DRRX
"Oct 22, 2020",1.8800,1.9000,1.8400,1.8800,"516,500",DRRX
"Oct 21, 2020",1.8500,1.9100,1.8400,1.8700,"605,400",DRRX
"Oct 20, 2020",1.8500,1.8700,1.8100,1.8700,"482,200",DRRX
"Oct 19, 2020",1.8600,1.8900,1.7700,1.8100,"644,400",DRRX
"Oct 16, 2020",1.8000,1.9200,1.7800,1.8600,"778,400",DRRX
"Oct 15, 2020",1.9100,1.9300,1.7900,1.8100,"1,228,100",DRRX
"Oct 14, 2020",2.0200,2.0200,1.9000,1.9100,"652,900",DRRX
"Oct 13, 2020",1.9600,2.0200,1.8800,2.0100,"776,500",DRRX
"Oct 12, 2020",1.9400,2.0200,1.8900,1.9600,"822,300",DRRX
"Oct 09, 2020",1.9700,2.0000,1.8700,1.8900,"491,300",DRRX
"Oct 08, 2020",2.0800,2.1000,1.9200,1.9300,"952,100",DRRX
"Oct 07, 2020",1.7800,2.0600,1.7800,1.9700,"1,654,800",DRRX
"Oct 06, 2020",1.9000,1.9500,1.7500,1.7500,"768,800",DRRX
"Oct 05, 2020",1.8400,1.9100,1.8300,1.8900,"807,300",DRRX
"Oct 02, 2020",1.7100,1.8200,1.7100,1.8100,"543,600",DRRX
"Oct 01, 2020",1.7300,1.8100,1.7200,1.7500,"780,400",DRRX
"Sep 30, 2020",1.7300,1.7800,1.6900,1.7100,"735,000",DRRX
"Sep 29, 2020",1.7200,1.7600,1.6700,1.7500,"558,400",DRRX
"Sep 28, 2020",1.7700,1.7800,1.6800,1.7400,"871,800",DRRX
"Sep 25, 2020",1.6500,1.8000,1.6500,1.7700,"893,300",DRRX
"Sep 24, 2020",1.6700,1.7200,1.6200,1.6500,"628,700",DRRX
"Sep 23, 2020",1.7400,1.8000,1.6900,1.6900,"1,057,000",DRRX
"Sep 22, 2020",1.7600,1.7700,1.6900,1.7600,"585,100",DRRX
"Sep 21, 2020",1.8100,1.8100,1.7000,1.7500,"960,500",DRRX
"Sep 18, 2020",1.8200,1.8500,1.7100,1.8500,"1,316,600",DRRX
"Sep 17, 2020",1.7700,1.8300,1.7400,1.7600,"493,000",DRRX
"Sep 16, 2020",1.7800,1.8400,1.7500,1.7700,"743,000",DRRX
"Sep 15, 2020",1.7800,1.8400,1.7400,1.7700,"647,200",DRRX
"Sep 14, 2020",1.6100,1.7800,1.5900,1.7600,"699,200",DRRX
"Sep 11, 2020",1.6100,1.6500,1.5700,1.6000,"654,100",DRRX
"Sep 10, 2020",1.6600,1.7000,1.6000,1.6100,"648,300",DRRX
"Sep 09, 2020",1.6900,1.6900,1.6200,1.6400,"890,800",DRRX
"Sep 08, 2020",1.6500,1.7600,1.5700,1.6800,"908,000",DRRX
"Sep 04, 2020",1.7300,1.7400,1.5200,1.6200,"1,082,400",DRRX
"Sep 03, 2020",1.7900,1.7900,1.6500,1.7000,"1,040,900",DRRX
"Sep 02, 2020",1.6500,1.7900,1.5700,1.7900,"1,821,200",DRRX
"Sep 01, 2020",1.7400,1.7600,1.6500,1.6700,"1,246,100",DRRX
"Aug 31, 2020",1.8400,1.8500,1.7300,1.7400,"1,176,000",DRRX
"Aug 28, 2020",1.9000,1.9200,1.8100,1.8200,"1,036,000",DRRX
"Aug 27, 2020",2.0300,2.0300,1.8500,1.8900,"1,284,800",DRRX
"Aug 26, 2020",1.9700,2.0600,1.9500,1.9900,"1,043,700",DRRX
"Aug 25, 2020",2.0600,2.0700,1.9400,1.9600,"959,400",DRRX
"Aug 24, 2020",2.1100,2.1100,1.9600,2.0500,"1,575,100",DRRX
"Aug 21, 2020",2.2200,2.2400,2.0300,2.0700,"1,176,900",DRRX
"Aug 20, 2020",2.3000,2.3100,2.2000,2.2100,"543,700",DRRX
"Aug 19, 2020",2.3100,2.3400,2.2700,2.3000,"733,300",DRRX
"Aug 18, 2020",2.3600,2.3700,2.2900,2.2900,"815,900",DRRX
"Aug 17, 2020",2.2900,2.3800,2.2600,2.3400,"980,200",DRRX
"Aug 14, 2020",2.2800,2.3100,2.2400,2.2700,"615,300",DRRX
"Aug 13, 2020",2.2800,2.3300,2.2700,2.3000,"699,400",DRRX
"Aug 12, 2020",2.3700,2.3700,2.2700,2.3100,"894,500",DRRX
"Aug 11, 2020",2.4000,2.4100,2.2800,2.3000,"1,125,900",DRRX
"Aug 10, 2020",2.3900,2.3900,2.2500,2.3400,"1,308,600",DRRX
"Aug 07, 2020",2.3100,2.4900,2.3000,2.3300,"2,345,900",DRRX
"Aug 06, 2020",2.4000,2.4400,2.2300,2.3300,"2,430,300",DRRX
"Aug 05, 2020",2.2900,2.3900,2.2500,2.3300,"1,818,100",DRRX
"Aug 04, 2020",2.4900,2.4900,2.2000,2.3200,"3,005,500",DRRX
"Aug 03, 2020",2.0400,2.3500,2.0100,2.3500,"5,255,200",DRRX
"Jul 31, 2020",2.0900,2.1100,1.9300,1.9600,"1,621,400",DRRX
"Jul 30, 2020",1.9600,1.9900,1.9200,1.9400,"856,600",DRRX
"Jul 29, 2020",1.9900,2.0000,1.9000,1.9700,"851,200",DRRX
"Jul 28, 2020",2.0300,2.0800,1.9700,1.9800,"610,800",DRRX
"Jul 27, 2020",2.0400,2.0900,2.0100,2.0600,"559,500",DRRX
"Jul 24, 2020",2.0400,2.0700,2.0100,2.0100,"680,900",DRRX
"Jul 23, 2020",2.0900,2.1100,2.0100,2.0500,"878,600",DRRX
"Jul 22, 2020",2.1000,2.1100,2.0400,2.0900,"828,600",DRRX
"Jul 21, 2020",2.2000,2.2200,2.0800,2.1000,"1,235,700",DRRX
"Jul 20, 2020",2.2000,2.2900,2.1200,2.1700,"1,495,900",DRRX
"Jul 17, 2020",2.1400,2.2200,2.1400,2.1900,"723,100",DRRX
"Jul 16, 2020",2.2000,2.2200,2.1100,2.1900,"646,500",DRRX
"Jul 15, 2020",2.2000,2.2900,2.1400,2.2300,"1,153,400",DRRX
"Jul 14, 2020",2.0200,2.1500,1.9200,2.1400,"1,258,800",DRRX
"Jul 13, 2020",2.1400,2.1500,2.0100,2.0100,"1,076,200",DRRX
"Jul 10, 2020",2.1800,2.1800,2.0200,2.1000,"1,032,700",DRRX
"Jul 09, 2020",2.2100,2.2400,2.0600,2.1700,"1,666,600",DRRX
"Jul 08, 2020",2.1700,2.2300,2.1400,2.2100,"1,296,600",DRRX
"Jul 07, 2020",2.1400,2.2500,2.0900,2.1700,"1,136,100",DRRX
"Jul 06, 2020",2.2400,2.2900,2.1200,2.1300,"1,264,700",DRRX
"Jul 02, 2020",2.3000,2.3000,2.1800,2.2400,"1,450,000",DRRX
"Jul 01, 2020",2.3900,2.4100,2.2100,2.2500,"2,429,400",DRRX
"Jun 30, 2020",2.4700,2.4700,2.2500,2.3200,"2,867,800",DRRX
"Jun 29, 2020",2.3500,2.5100,2.3000,2.5000,"2,431,800",DRRX
"Jun 26, 2020",2.7700,2.7800,2.4100,2.4500,"25,420,600",DRRX
"Jun 25, 2020",2.3100,2.8800,2.2900,2.7600,"5,307,200",DRRX
"Jun 24, 2020",2.3900,2.4700,2.2200,2.3000,"1,693,600",DRRX
"Jun 23, 2020",2.4300,2.5500,2.3800,2.3900,"1,063,100",DRRX
"Jun 22, 2020",2.4400,2.4400,2.2900,2.4200,"1,044,700",DRRX
"Nov 10, 2020",58.57,60.38,58.08,59.89,"182,153",CCOI
"Nov 09, 2020",55.80,59.55,55.03,58.54,"1,137,700",CCOI
"Nov 06, 2020",55.30,55.41,53.20,54.09,"650,800",CCOI
"Nov 05, 2020",57.35,58.49,55.04,55.04,"710,900",CCOI
"Nov 04, 2020",57.75,58.71,56.90,57.29,"343,900",CCOI
"Nov 03, 2020",55.91,58.25,55.91,57.88,"474,900",CCOI
"Nov 02, 2020",56.49,58.20,55.07,55.80,"366,000",CCOI
"Oct 30, 2020",55.91,56.28,55.36,55.80,"297,000",CCOI
"Oct 29, 2020",55.41,56.53,54.94,56.10,"240,700",CCOI
"Oct 28, 2020",55.10,56.09,54.24,55.50,"421,400",CCOI
"Oct 27, 2020",56.91,57.12,55.95,56.03,"362,500",CCOI
"Oct 26, 2020",57.17,57.66,56.71,57.05,"242,800",CCOI
"Oct 23, 2020",57.80,58.65,57.16,57.67,"202,000",CCOI
"Oct 22, 2020",58.02,59.27,57.32,57.45,"242,000",CCOI
"Oct 21, 2020",58.50,59.17,58.05,58.22,"819,600",CCOI
"Oct 20, 2020",59.81,60.09,58.21,58.70,"365,800",CCOI
"Oct 19, 2020",61.52,63.36,58.86,59.45,"468,500",CCOI
"Oct 16, 2020",60.14,62.22,60.14,61.07,"319,800",CCOI
"Oct 15, 2020",61.60,62.36,60.84,62.32,"259,600",CCOI
"Oct 14, 2020",63.58,63.64,62.05,62.08,"297,800",CCOI
"Oct 13, 2020",64.67,65.05,63.10,63.57,"333,100",CCOI
"Oct 12, 2020",63.00,65.09,62.74,65.05,"503,600",CCOI
"Oct 09, 2020",61.73,62.95,61.73,62.73,"354,600",CCOI
"Oct 08, 2020",62.94,63.47,61.95,62.23,"348,500",CCOI
"Oct 07, 2020",61.75,62.66,61.04,62.29,"366,200",CCOI
"Oct 06, 2020",63.13,63.70,61.25,61.65,"343,600",CCOI
"Oct 05, 2020",62.11,63.19,61.05,63.13,"380,200",CCOI
"Oct 02, 2020",59.83,60.75,59.00,60.40,"286,500",CCOI
"Oct 01, 2020",60.21,60.57,59.92,60.48,"303,600",CCOI
"Sep 30, 2020",61.08,61.08,59.82,60.05,"425,200",CCOI
"Sep 29, 2020",60.68,61.04,60.44,60.91,"294,200",CCOI
"Sep 28, 2020",59.74,61.15,59.65,60.91,"578,600",CCOI
"Sep 25, 2020",59.48,59.96,58.72,59.07,"440,000",CCOI
"Sep 24, 2020",60.10,60.87,59.46,59.71,"293,000",CCOI
"Sep 23, 2020",61.69,61.88,60.16,60.23,"416,900",CCOI
"Sep 22, 2020",62.82,62.87,61.72,61.84,"464,200",CCOI
"Sep 21, 2020",61.61,62.66,60.44,62.55,"465,400",CCOI
"Sep 18, 2020",64.65,64.65,61.84,61.93,"1,121,800",CCOI
"Sep 17, 2020",66.10,66.31,63.36,63.82,"601,300",CCOI
"Sep 16, 2020",66.30,67.35,66.23,66.86,"533,800",CCOI
"Sep 15, 2020",66.35,66.85,65.87,66.56,"398,500",CCOI
"Sep 14, 2020",65.68,67.31,65.68,66.48,"367,600",CCOI
"Sep 11, 2020",65.44,66.22,64.73,65.59,"299,600",CCOI
"Sep 10, 2020",65.50,66.99,65.09,65.43,"335,700",CCOI
"Sep 09, 2020",65.90,67.15,65.71,65.79,"350,900",CCOI
"Sep 08, 2020",65.57,66.37,64.91,65.18,"504,900",CCOI
"Sep 04, 2020",67.93,68.44,65.86,66.72,"469,500",CCOI
"Sep 03, 2020",68.60,68.92,67.17,68.10,"524,800",CCOI
"Sep 02, 2020",68.26,69.02,67.79,68.82,"408,300",CCOI
"Sep 01, 2020",67.31,68.57,66.33,68.51,"488,400",CCOI
"Aug 31, 2020",65.90,67.55,65.88,67.26,"411,600",CCOI
"Aug 28, 2020",66.37,66.40,65.03,65.91,"306,100",CCOI
"Aug 27, 2020",66.30,66.92,65.46,66.34,"298,200",CCOI
"Aug 26, 2020",65.77,66.75,65.55,66.00,"279,200",CCOI
"Aug 25, 2020",64.40,66.53,64.21,66.27,"522,500",CCOI
"Aug 24, 2020",66.00,66.15,64.32,64.59,"292,400",CCOI
"Aug 21, 2020",67.18,67.18,65.29,65.69,"411,600",CCOI
"Aug 20, 2020",67.08,67.60,65.91,67.01,"421,300",CCOI
"Aug 19, 2020",67.30,67.80,66.02,67.01,"1,036,100",CCOI
"Aug 18, 2020",67.29,68.11,66.06,66.66,"404,700",CCOI
"Aug 17, 2020",68.68,69.07,66.86,67.05,"444,400",CCOI
"Aug 14, 2020",68.90,68.93,67.42,67.90,"300,000",CCOI
"Aug 13, 2020",70.06,70.62,68.22,68.91,"420,200",CCOI
"Aug 12, 2020",68.03,70.43,68.00,69.89,"429,800",CCOI
"Aug 11, 2020",70.81,70.81,67.56,67.74,"705,900",CCOI
"Aug 10, 2020",75.18,75.53,69.71,69.83,"920,300",CCOI
"Aug 07, 2020",79.02,79.11,73.86,74.61,"581,500",CCOI
"Aug 06, 2020",81.00,81.86,76.66,79.05,"1,151,100",CCOI
"Aug 05, 2020",88.01,89.01,84.37,85.89,"530,300",CCOI
"Aug 04, 2020",89.05,89.21,86.52,88.02,"604,700",CCOI
"Aug 03, 2020",90.81,90.96,89.02,89.03,"330,500",CCOI
"Jul 31, 2020",88.97,90.22,88.67,90.11,"482,200",CCOI
"Jul 30, 2020",88.30,89.51,88.01,88.74,"272,400",CCOI
"Jul 29, 2020",86.64,89.12,86.53,88.74,"269,800",CCOI
"Jul 28, 2020",85.80,87.26,85.36,86.32,"351,500",CCOI
"Jul 27, 2020",83.30,86.12,83.06,85.83,"265,100",CCOI
"Jul 24, 2020",83.95,84.18,82.32,83.43,"158,300",CCOI
"Jul 23, 2020",83.49,84.75,83.49,84.39,"169,800",CCOI
"Jul 22, 2020",83.99,84.41,83.50,83.74,"171,600",CCOI
"Jul 21, 2020",84.06,85.06,83.67,84.09,"327,700",CCOI
"Jul 20, 2020",82.09,83.55,81.71,83.44,"164,000",CCOI
"Jul 17, 2020",81.14,82.44,80.82,82.21,"127,700",CCOI
"Jul 16, 2020",81.19,81.98,80.05,81.28,"178,200",CCOI
"Jul 15, 2020",82.31,82.71,81.15,81.58,"278,500",CCOI
"Jul 14, 2020",79.08,82.30,78.81,82.16,"232,500",CCOI
"Jul 13, 2020",80.68,81.53,79.03,79.07,"257,900",CCOI
"Jul 10, 2020",81.57,82.45,79.97,80.45,"205,500",CCOI
"Jul 09, 2020",81.30,82.40,81.13,81.86,"240,800",CCOI
"Jul 08, 2020",80.68,81.23,79.96,81.19,"179,700",CCOI
"Jul 07, 2020",80.77,81.02,79.84,80.34,"222,200",CCOI
"Jul 06, 2020",82.35,82.81,80.90,81.41,"188,300",CCOI
"Jul 02, 2020",82.81,82.96,80.56,81.30,"236,200",CCOI
"Jul 01, 2020",78.76,83.12,78.28,82.26,"492,100",CCOI
"Jun 30, 2020",78.11,78.14,76.21,77.36,"416,800",CCOI
"Jun 29, 2020",76.37,78.41,76.37,78.32,"306,300",CCOI
"Jun 26, 2020",79.07,79.07,76.15,76.29,"503,700",CCOI
"Jun 25, 2020",78.29,79.11,77.01,79.04,"214,600",CCOI
"Jun 24, 2020",78.60,79.09,77.41,78.34,"223,700",CCOI
"Jun 23, 2020",80.52,81.00,78.79,78.81,"274,000",CCOI
"Nov 10, 2020",1.5500,1.5500,1.5500,1.5500,"1,220",YECO
"Nov 09, 2020",1.6500,1.7000,1.4000,1.5500,"3,600",YECO
"Nov 06, 2020",1.7800,1.7900,1.7800,1.7800,"1,800",YECO
"Nov 05, 2020",1.8650,1.8650,1.7800,1.7800,300,YECO
"Nov 04, 2020",1.7800,1.9500,1.7800,1.7800,700,YECO
"Nov 03, 2020",1.8000,1.9800,1.8000,1.8800,600,YECO
"Nov 02, 2020",1.6800,2.0000,1.6800,1.8300,"14,500",YECO
"Oct 30, 2020",1.4500,1.7000,1.4500,1.7000,900,YECO
"Oct 29, 2020",1.4000,1.4000,1.4000,1.4000,100,YECO
"Oct 28, 2020",1.6600,1.7000,1.4000,1.4000,"3,200",YECO
"Oct 27, 2020",1.6300,1.8100,1.6300,1.7000,"2,500",YECO
"Oct 26, 2020",1.6500,1.6500,1.6500,1.6500,600,YECO
"Oct 23, 2020",1.6500,1.6500,1.6100,1.6500,"1,900",YECO
"Oct 22, 2020",1.6500,1.8900,1.6500,1.6500,"2,300",YECO
"Oct 21, 2020",1.7500,1.8000,1.5200,1.8000,"1,400",YECO
"Oct 20, 2020",1.5000,1.8800,1.4200,1.7500,"2,100",YECO
"Oct 19, 2020",1.4500,1.5000,1.4000,1.5000,"3,700",YECO
"Oct 16, 2020",1.3100,1.5000,1.3100,1.5000,"1,800",YECO
"Oct 15, 2020",1.6000,1.6000,1.3400,1.5500,"2,500",YECO
"Oct 14, 2020",1.5000,1.6500,1.5000,1.6000,"3,900",YECO
"Oct 13, 2020",1.6500,1.6500,1.5000,1.5000,900,YECO
"Oct 12, 2020",1.6900,1.6900,1.6900,1.6900,100,YECO
"Oct 09, 2020",1.6500,1.6500,1.6400,1.6400,300,YECO
"Oct 08, 2020",1.3000,1.6900,1.0000,1.6900,"7,000",YECO
"Oct 07, 2020",1.4400,1.7300,1.4000,1.6000,"2,600",YECO
"Oct 06, 2020",1.4200,1.4200,1.4200,1.4200,400,YECO
"Oct 05, 2020",1.3700,1.4000,1.3400,1.3500,"3,300",YECO
"Oct 02, 2020",1.4500,1.7500,1.4500,1.5000,"3,100",YECO
"Oct 01, 2020",1.5000,1.5000,1.4900,1.5000,"4,000",YECO
"Sep 30, 2020",1.6500,1.6500,1.6500,1.6500,"1,100",YECO
"Sep 29, 2020",1.8900,1.8900,1.6550,1.7500,"1,900",YECO
"Sep 28, 2020",1.2600,1.9000,1.2600,1.8900,"5,600",YECO
"Sep 25, 2020",1.8500,2.0000,1.3500,1.3500,"1,000",YECO
"Sep 24, 2020",1.5500,1.8500,1.2500,1.8500,"3,500",YECO
"Sep 23, 2020",2.0000,2.0000,1.7500,1.8400,"1,600",YECO
"Sep 22, 2020",1.6000,2.0000,1.5100,2.0000,"2,400",YECO
"Sep 21, 2020",1.8000,1.9900,1.0300,1.7950,"8,000",YECO
"Sep 18, 2020",1.1600,2.3900,1.1600,1.6400,"10,500",YECO
"Sep 17, 2020",1.2000,1.2000,0.9600,1.1600,"5,200",YECO
"Sep 16, 2020",1.3800,1.5200,1.2600,1.2600,"16,200",YECO
"Sep 15, 2020",1.2600,1.3800,1.1550,1.3800,"13,200",YECO
"Sep 14, 2020",2.4100,2.5500,0.8500,1.2500,"36,800",YECO
"Sep 11, 2020",2.3800,2.7000,2.2600,2.5500,"4,000",YECO
"Sep 10, 2020",1.9000,3.0000,1.9000,2.3800,"14,100",YECO
"Sep 09, 2020",1.3900,3.2100,1.3900,2.2500,"14,800",YECO
"Sep 08, 2020",1.0000,1.4800,1.0000,1.3900,"7,800",YECO
"Sep 04, 2020",1.0000,1.0300,0.9500,1.0000,"5,700",YECO
"Sep 03, 2020",0.9400,1.0300,0.8000,1.0300,"6,500",YECO
"Sep 02, 2020",0.9600,1.0500,0.9600,0.9600,"10,600",YECO
"Sep 01, 2020",0.9600,0.9600,0.7500,0.9600,"1,600",YECO
"Aug 31, 2020",0.9400,0.9600,0.7500,0.8400,"7,100",YECO
"Aug 28, 2020",0.9000,0.9600,0.8500,0.9600,"9,900",YECO
"Aug 27, 2020",0.8600,0.9600,0.7830,0.8500,"7,700",YECO
"Aug 26, 2020",0.6000,0.8600,0.6000,0.8600,"16,200",YECO
"Aug 25, 2020",0.8000,0.8000,0.5100,0.5100,"4,500",YECO
"Aug 24, 2020",0.8000,0.8000,0.8000,0.8000,"2,900",YECO
"Aug 21, 2020",0.7700,0.8000,0.6500,0.8000,"13,900",YECO
"Aug 20, 2020",0.1500,0.6000,0.1500,0.5500,"56,100",YECO
"Aug 19, 2020",0.2800,0.4400,0.2800,0.3880,"10,100",YECO
"Aug 18, 2020",0.2830,0.3000,0.1010,0.2800,"103,000",YECO
"Aug 17, 2020",0.1650,0.1650,0.1650,0.1650,-,YECO
"Aug 14, 2020",0.1650,0.1650,0.1650,0.1650,-,YECO
"Aug 13, 2020",0.2870,0.2870,0.1650,0.1650,"2,200",YECO
"Aug 12, 2020",0.2850,0.2850,0.2850,0.2850,-,YECO
"Aug 11, 2020",0.2900,0.2900,0.2850,0.2850,"1,300",YECO
"Aug 10, 2020",0.2900,0.2900,0.2900,0.2900,"1,100",YECO
"Aug 07, 2020",0.2900,0.2900,0.1600,0.2900,"2,600",YECO
"Aug 06, 2020",0.1480,0.4700,0.1410,0.2900,"11,100",YECO
"Aug 05, 2020",0.2100,0.2100,0.1410,0.1410,"1,100",YECO
"Aug 04, 2020",0.1400,0.2100,0.1400,0.1400,"2,600",YECO
"Aug 03, 2020",0.1400,0.1400,0.1400,0.1400,"2,100",YECO
"Jul 31, 2020",0.1400,0.1400,0.1400,0.1400,"1,300",YECO
"Jul 30, 2020",0.1400,0.2000,0.1400,0.1400,"2,100",YECO
"Jul 29, 2020",0.1450,0.1650,0.1450,0.1650,"8,500",YECO
"Jul 28, 2020",0.1550,0.1550,0.1550,0.1550,"20,000",YECO
"Jul 27, 2020",0.1700,0.1700,0.1700,0.1700,-,YECO
"Jul 24, 2020",0.1700,0.1700,0.1700,0.1700,500,YECO
"Jul 23, 2020",0.1400,0.2000,0.1400,0.1700,"4,800",YECO
"Jul 22, 2020",0.1700,0.1700,0.1700,0.1700,300,YECO
"Jul 21, 2020",0.1400,0.1400,0.1400,0.1400,-,YECO
"Jul 20, 2020",0.1950,0.1950,0.1400,0.1400,400,YECO
"Jul 17, 2020",0.1450,0.1450,0.1450,0.1450,-,YECO
"Jul 16, 2020",0.1400,0.2000,0.1400,0.1450,"1,800",YECO
"Jul 15, 2020",0.1500,0.2100,0.1500,0.2100,900,YECO
"Jul 14, 2020",0.1500,0.1500,0.1500,0.1500,-,YECO
"Jul 13, 2020",0.1500,0.1500,0.1500,0.1500,"4,800",YECO
"Jul 10, 2020",0.1500,0.1500,0.1500,0.1500,900,YECO
"Jul 09, 2020",0.2100,0.2100,0.2100,0.2100,-,YECO
"Jul 08, 2020",0.2100,0.2100,0.2100,0.2100,100,YECO
"Jul 07, 2020",0.2100,0.2100,0.2100,0.2100,-,YECO
"Jul 06, 2020",0.2100,0.2100,0.1800,0.2100,"11,800",YECO
"Jul 02, 2020",0.1500,0.1500,0.1500,0.1500,-,YECO
"Jul 01, 2020",0.1500,0.1500,0.1500,0.1500,100,YECO
"Jun 30, 2020",0.1510,0.1510,0.1500,0.1500,"13,000",YECO
"Jun 29, 2020",0.1510,0.1510,0.1510,0.1510,-,YECO
"Jun 26, 2020",0.1510,0.1510,0.1510,0.1510,-,YECO
"Jun 25, 2020",0.1510,0.1510,0.1510,0.1510,"10,800",YECO
"Jun 24, 2020",0.1510,0.1510,0.1510,0.1510,-,YECO
"Jun 23, 2020",0.1510,0.1510,0.1510,0.1510,200,YECO
"Jun 22, 2020",0.1500,0.1500,0.1500,0.1500,-,YECO
"Nov 10, 2020",10.44,10.82,10.41,10.82,"152,868",NMFC
"Nov 09, 2020",10.55,10.98,10.25,10.40,"1,057,900",NMFC
"Nov 06, 2020",10.40,10.48,10.18,10.40,"608,100",NMFC
"Nov 05, 2020",9.50,10.42,9.50,10.39,"1,038,600",NMFC
"Nov 04, 2020",9.10,9.53,9.10,9.47,"290,200",NMFC
"Nov 03, 2020",9.42,9.48,9.33,9.46,"249,400",NMFC
"Nov 02, 2020",9.12,9.43,9.11,9.34,"329,900",NMFC
"Oct 30, 2020",9.02,9.15,8.96,9.07,"670,100",NMFC
"Oct 29, 2020",9.11,9.21,8.94,9.14,"838,500",NMFC
"Oct 28, 2020",9.29,9.37,9.07,9.19,"716,100",NMFC
"Oct 27, 2020",9.44,9.54,9.40,9.45,"244,100",NMFC
"Oct 26, 2020",9.41,9.45,9.30,9.41,"309,700",NMFC
"Oct 23, 2020",9.40,9.59,9.40,9.53,"426,900",NMFC
"Oct 22, 2020",9.42,9.51,9.37,9.47,"257,600",NMFC
"Oct 21, 2020",9.46,9.57,9.36,9.45,"265,700",NMFC
"Oct 20, 2020",9.53,9.53,9.39,9.46,"240,900",NMFC
"Oct 19, 2020",9.67,9.71,9.43,9.44,"320,400",NMFC
"Oct 16, 2020",9.67,9.75,9.50,9.66,"312,900",NMFC
"Oct 15, 2020",9.65,9.78,9.62,9.65,"336,000",NMFC
"Oct 14, 2020",9.75,9.86,9.68,9.77,"401,700",NMFC
"Oct 13, 2020",9.70,9.78,9.66,9.70,"303,500",NMFC
"Oct 12, 2020",9.93,9.93,9.68,9.74,"403,500",NMFC
"Oct 09, 2020",9.89,9.92,9.79,9.84,"260,300",NMFC
"Oct 08, 2020",9.75,9.90,9.65,9.86,"356,300",NMFC
"Oct 07, 2020",9.84,9.90,9.59,9.75,"240,400",NMFC
"Oct 06, 2020",9.91,9.99,9.75,9.77,"223,100",NMFC
"Oct 05, 2020",9.96,10.05,9.87,9.88,"236,900",NMFC
"Oct 02, 2020",9.64,9.94,9.64,9.90,"350,200",NMFC
"Oct 01, 2020",9.59,9.82,9.49,9.81,"530,700",NMFC
"Sep 30, 2020",9.84,9.89,9.48,9.56,"656,600",NMFC
"Sep 29, 2020",9.80,9.85,9.46,9.57,"353,000",NMFC
"Sep 28, 2020",9.52,9.93,9.52,9.78,"554,800",NMFC
"Sep 25, 2020",9.22,9.50,9.22,9.47,"322,900",NMFC
"Sep 24, 2020",9.33,9.41,9.10,9.24,"650,800",NMFC
"Sep 23, 2020",9.69,9.75,9.31,9.35,"360,100",NMFC
"Sep 22, 2020",9.61,9.83,9.57,9.64,"309,700",NMFC
"Sep 21, 2020",9.68,9.69,9.48,9.58,"531,000",NMFC
"Sep 18, 2020",9.88,9.91,9.78,9.82,"531,500",NMFC
"Sep 17, 2020",9.68,9.96,9.66,9.89,"480,400",NMFC
"Sep 16, 2020",10.14,10.24,9.96,9.97,"407,200",NMFC
"Sep 15, 2020",10.42,10.47,10.06,10.15,"592,400",NMFC
"Sep 14, 2020",10.49,10.69,10.46,10.61,"797,500",NMFC
"Sep 11, 2020",10.36,10.44,10.31,10.42,"584,500",NMFC
"Sep 10, 2020",10.32,10.46,10.32,10.37,"402,100",NMFC
"Sep 09, 2020",10.36,10.40,10.21,10.32,"368,100",NMFC
"Sep 08, 2020",10.06,10.39,10.00,10.25,"645,500",NMFC
"Sep 04, 2020",10.02,10.08,9.78,9.99,"846,300",NMFC
"Sep 03, 2020",10.00,10.10,9.87,9.89,"449,800",NMFC
"Sep 02, 2020",10.02,10.03,9.93,9.98,"384,400",NMFC
"Sep 01, 2020",9.99,10.08,9.92,10.06,"230,000",NMFC
"Aug 31, 2020",10.09,10.11,9.95,9.99,"258,100",NMFC
"Aug 28, 2020",10.04,10.12,9.98,10.11,"415,900",NMFC
"Aug 27, 2020",9.86,10.06,9.86,9.96,"425,300",NMFC
"Aug 26, 2020",10.00,10.07,9.84,9.89,"358,300",NMFC
"Aug 25, 2020",10.20,10.20,9.99,10.03,"439,500",NMFC
"Aug 24, 2020",9.88,10.18,9.82,10.18,"639,800",NMFC
"Aug 21, 2020",9.81,9.87,9.70,9.83,"383,200",NMFC
"Aug 20, 2020",9.82,9.97,9.82,9.84,"269,300",NMFC
"Aug 19, 2020",9.90,10.00,9.85,9.93,"409,300",NMFC
"Aug 18, 2020",10.12,10.16,9.87,9.88,"728,700",NMFC
"Aug 17, 2020",10.19,10.26,10.00,10.14,"409,400",NMFC
"Aug 14, 2020",10.15,10.21,10.00,10.18,"454,200",NMFC
"Aug 13, 2020",10.29,10.47,10.15,10.24,"315,700",NMFC
"Aug 12, 2020",10.53,10.54,10.22,10.33,"279,100",NMFC
"Aug 11, 2020",10.61,10.78,10.38,10.41,"1,021,500",NMFC
"Aug 10, 2020",10.08,10.54,9.87,10.48,"967,500",NMFC
"Aug 07, 2020",9.46,10.08,9.46,9.98,"841,100",NMFC
"Aug 06, 2020",9.54,9.80,9.45,9.52,"341,500",NMFC
"Aug 05, 2020",9.40,9.55,9.39,9.51,"319,400",NMFC
"Aug 04, 2020",9.07,9.38,9.04,9.31,"425,700",NMFC
"Aug 03, 2020",8.96,9.18,8.92,9.12,"387,300",NMFC
"Jul 31, 2020",8.98,9.05,8.88,8.99,"362,300",NMFC
"Jul 30, 2020",8.97,9.05,8.86,9.02,"458,400",NMFC
"Jul 29, 2020",9.10,9.15,8.97,9.11,"243,900",NMFC
"Jul 28, 2020",8.97,9.10,8.89,9.05,"330,300",NMFC
"Jul 27, 2020",9.11,9.11,8.92,8.99,"287,400",NMFC
"Jul 24, 2020",9.30,9.30,9.05,9.09,"418,900",NMFC
"Jul 23, 2020",9.30,9.40,9.22,9.30,"313,400",NMFC
"Jul 22, 2020",9.28,9.34,9.18,9.27,"527,800",NMFC
"Jul 21, 2020",9.24,9.39,9.19,9.32,"382,800",NMFC
"Jul 20, 2020",9.18,9.29,9.11,9.17,"368,100",NMFC
"Jul 17, 2020",9.28,9.35,9.15,9.21,"368,800",NMFC
"Jul 16, 2020",9.16,9.30,9.15,9.25,"485,500",NMFC
"Jul 15, 2020",9.17,9.30,9.12,9.29,"486,400",NMFC
"Jul 14, 2020",8.86,9.14,8.85,9.05,"434,300",NMFC
"Jul 13, 2020",9.05,9.07,8.88,8.96,"363,600",NMFC
"Jul 10, 2020",8.82,8.99,8.78,8.95,"472,500",NMFC
"Jul 09, 2020",9.15,9.15,8.80,8.81,"731,700",NMFC
"Jul 08, 2020",9.07,9.19,8.98,9.15,"338,300",NMFC
"Jul 07, 2020",9.20,9.34,9.06,9.06,"302,900",NMFC
"Jul 06, 2020",9.40,9.48,9.21,9.28,"455,900",NMFC
"Jul 02, 2020",9.60,9.66,9.24,9.33,"411,500",NMFC
"Jul 01, 2020",9.28,9.58,9.27,9.46,"628,200",NMFC
"Jun 30, 2020",9.15,9.52,9.11,9.29,"645,400",NMFC
"Jun 29, 2020",9.02,9.22,8.86,9.19,"301,800",NMFC
"Jun 26, 2020",8.90,9.23,8.90,9.02,"529,800",NMFC
"Jun 25, 2020",8.98,9.13,8.85,8.99,"462,100",NMFC
"Jun 24, 2020",9.00,9.10,8.74,8.98,"765,900",NMFC
"Jun 23, 2020",9.22,9.34,8.99,9.10,"581,600",NMFC
"Nov 10, 2020",15.85,16.41,15.78,16.16,"36,667",BY
"Nov 09, 2020",14.36,15.99,14.36,15.55,"175,400",BY
"Nov 06, 2020",13.97,13.97,12.96,13.19,"39,200",BY
"Nov 05, 2020",13.12,13.88,13.11,13.79,"24,700",BY
"Nov 04, 2020",13.40,13.40,13.00,13.12,"180,700",BY
"Nov 03, 2020",13.65,13.99,13.62,13.92,"51,400",BY
"Nov 02, 2020",13.35,13.41,13.17,13.36,"71,300",BY
"Oct 30, 2020",13.07,13.33,12.99,13.14,"55,200",BY
"Oct 29, 2020",13.04,13.18,12.42,12.98,"60,300",BY
"Oct 28, 2020",13.20,13.60,12.71,13.12,"46,700",BY
"Oct 27, 2020",13.75,13.75,13.23,13.52,"62,100",BY
"Oct 26, 2020",14.15,14.24,13.80,13.90,"59,900",BY
"Oct 23, 2020",14.00,14.50,13.83,14.01,"103,300",BY
"Oct 22, 2020",13.60,13.96,13.60,13.82,"155,600",BY
"Oct 21, 2020",13.36,13.81,13.36,13.53,"31,300",BY
"Oct 20, 2020",13.35,13.67,13.35,13.45,"24,300",BY
"Oct 19, 2020",13.10,13.44,12.98,13.28,"30,000",BY
"Oct 16, 2020",13.01,13.44,12.82,13.04,"34,200",BY
"Oct 15, 2020",12.53,13.11,12.44,13.06,"27,200",BY
"Oct 14, 2020",12.12,12.99,12.12,12.69,"48,900",BY
"Oct 13, 2020",12.86,12.91,12.51,12.87,"29,600",BY
"Oct 12, 2020",12.65,13.05,12.58,12.99,"34,100",BY
"Oct 09, 2020",12.98,12.98,12.64,12.69,"22,700",BY
"Oct 08, 2020",12.79,13.07,12.57,12.93,"45,300",BY
"Oct 07, 2020",12.56,12.88,12.37,12.70,"46,300",BY
"Oct 06, 2020",12.44,12.94,12.27,12.34,"41,000",BY
"Oct 05, 2020",11.80,12.34,11.75,12.22,"55,400",BY
"Oct 02, 2020",11.08,11.71,11.07,11.66,"32,400",BY
"Oct 01, 2020",11.32,11.49,11.07,11.48,"39,600",BY
"Sep 30, 2020",11.36,11.57,11.13,11.28,"56,100",BY
"Sep 29, 2020",11.41,11.41,11.08,11.35,"35,000",BY
"Sep 28, 2020",11.18,11.61,11.18,11.41,"67,300",BY
"Sep 25, 2020",10.71,11.06,10.71,11.01,"58,900",BY
"Sep 24, 2020",10.73,11.06,10.49,10.86,"41,000",BY
"Sep 23, 2020",10.74,11.02,10.63,10.67,"117,400",BY
"Sep 22, 2020",10.75,10.92,10.52,10.80,"105,800",BY
"Sep 21, 2020",11.08,11.11,10.66,10.79,"90,300",BY
"Sep 18, 2020",11.79,11.81,11.32,11.46,"179,700",BY
"Sep 17, 2020",11.68,11.82,11.65,11.68,"26,600",BY
"Sep 16, 2020",11.55,12.00,11.48,11.83,"45,800",BY
"Sep 15, 2020",12.12,12.12,11.47,11.51,"159,800",BY
"Sep 14, 2020",11.96,12.12,11.89,12.04,"60,600",BY
"Sep 11, 2020",11.90,12.31,11.84,11.88,"80,500",BY
"Sep 10, 2020",11.97,12.12,11.82,11.95,"132,200",BY
"Sep 09, 2020",12.37,12.37,11.97,11.97,"65,200",BY
"Sep 08, 2020",12.59,12.59,12.13,12.27,"66,400",BY
"Sep 04, 2020",12.96,13.01,12.54,12.78,"31,900",BY
"Sep 03, 2020",12.55,12.93,12.47,12.59,"32,200",BY
"Sep 02, 2020",12.30,12.53,12.10,12.45,"53,000",BY
"Sep 01, 2020",12.51,12.77,12.29,12.40,"41,100",BY
"Aug 31, 2020",12.83,12.88,12.63,12.64,"64,600",BY
"Aug 28, 2020",13.29,13.29,12.83,12.96,"75,300",BY
"Aug 27, 2020",12.93,13.20,12.88,13.10,"42,400",BY
"Aug 26, 2020",13.13,13.13,12.72,12.80,"24,100",BY
"Aug 25, 2020",13.15,13.23,12.87,13.12,"28,600",BY
"Aug 24, 2020",12.61,13.16,12.45,12.95,"55,900",BY
"Aug 21, 2020",12.75,12.75,12.36,12.43,"45,100",BY
"Aug 20, 2020",12.83,13.14,12.69,12.91,"22,900",BY
"Aug 19, 2020",12.97,13.37,12.92,13.09,"45,900",BY
"Aug 18, 2020",13.44,13.44,12.76,12.98,"37,100",BY
"Aug 17, 2020",13.43,13.50,13.01,13.47,"51,100",BY
"Aug 14, 2020",13.53,13.76,13.41,13.46,"87,300",BY
"Aug 13, 2020",13.74,13.90,13.56,13.71,"25,200",BY
"Aug 12, 2020",14.20,14.47,13.74,13.94,"39,700",BY
"Aug 11, 2020",14.14,14.33,13.77,13.88,"73,000",BY
"Aug 10, 2020",13.63,14.00,13.45,13.80,"119,200",BY
"Aug 07, 2020",12.89,13.65,12.89,13.49,"51,400",BY
"Aug 06, 2020",13.14,13.19,12.94,13.06,"25,000",BY
"Aug 05, 2020",12.96,13.17,12.82,13.14,"43,100",BY
"Aug 04, 2020",12.50,12.84,12.44,12.84,"64,800",BY
"Aug 03, 2020",13.00,13.00,12.61,12.63,"49,200",BY
"Jul 31, 2020",13.92,13.92,12.91,12.96,"105,200",BY
"Jul 30, 2020",13.07,13.53,12.77,13.44,"50,300",BY
"Jul 29, 2020",13.51,13.76,13.38,13.50,"71,100",BY
"Jul 28, 2020",13.36,13.71,13.35,13.49,"80,100",BY
"Jul 27, 2020",13.63,13.92,13.53,13.85,"101,500",BY
"Jul 24, 2020",13.39,13.95,13.39,13.56,"48,000",BY
"Jul 23, 2020",12.50,13.08,12.50,13.08,"29,800",BY
"Jul 22, 2020",12.79,12.91,12.49,12.64,"31,900",BY
"Jul 21, 2020",12.70,13.05,12.64,12.95,"34,200",BY
"Jul 20, 2020",12.64,12.64,12.37,12.42,"43,100",BY
"Jul 17, 2020",12.84,12.91,12.66,12.72,"59,900",BY
"Jul 16, 2020",13.06,13.10,12.70,12.89,"43,300",BY
"Jul 15, 2020",12.29,13.28,12.24,13.09,"144,000",BY
"Jul 14, 2020",11.90,12.06,11.62,11.82,"41,100",BY
"Jul 13, 2020",11.93,12.17,11.54,11.90,"46,300",BY
"Jul 10, 2020",11.25,11.68,11.25,11.66,"41,400",BY
"Jul 09, 2020",11.65,11.72,11.07,11.18,"53,700",BY
"Jul 08, 2020",11.87,12.11,11.51,11.78,"57,800",BY
"Jul 07, 2020",12.24,12.28,11.91,11.96,"51,600",BY
"Jul 06, 2020",13.04,13.09,12.35,12.40,"33,700",BY
"Jul 02, 2020",12.88,12.99,12.31,12.61,"85,300",BY
"Jul 01, 2020",13.14,13.14,12.39,12.44,"71,600",BY
"Jun 30, 2020",12.69,13.17,12.64,13.10,"89,000",BY
"Jun 29, 2020",12.17,12.93,12.09,12.81,"76,200",BY
"Jun 26, 2020",12.26,12.26,11.69,11.79,"204,600",BY
"Jun 25, 2020",11.82,12.49,11.80,12.49,"70,700",BY
"Jun 24, 2020",12.34,12.60,11.89,11.92,"68,900",BY
"Jun 23, 2020",13.04,13.17,12.59,12.67,"81,400",BY
"Nov 10, 2020",9.90,9.90,9.52,9.75,"4,173",SEED
"Nov 09, 2020",10.02,10.02,9.61,9.90,"7,500",SEED
"Nov 06, 2020",9.85,10.00,9.67,9.70,"13,700",SEED
"Nov 05, 2020",10.12,10.15,9.94,10.12,"15,400",SEED
"Nov 04, 2020",9.74,10.08,9.45,10.08,"34,300",SEED
"Nov 03, 2020",9.42,9.92,9.40,9.70,"50,300",SEED
"Nov 02, 2020",8.80,9.19,8.44,9.08,"10,300",SEED
"Oct 30, 2020",9.10,9.16,8.68,8.81,"14,500",SEED
"Oct 29, 2020",9.30,9.49,9.03,9.03,"13,100",SEED
"Oct 28, 2020",9.25,9.76,9.12,9.51,"19,200",SEED
"Oct 27, 2020",9.29,9.50,9.14,9.50,"6,500",SEED
"Oct 26, 2020",9.50,9.57,9.25,9.38,"10,500",SEED
"Oct 23, 2020",9.40,9.65,9.07,9.59,"36,100",SEED
"Oct 22, 2020",9.51,9.76,9.20,9.57,"25,600",SEED
"Oct 21, 2020",9.94,10.00,9.41,9.64,"20,500",SEED
"Oct 20, 2020",10.20,10.20,9.61,9.76,"23,600",SEED
"Oct 19, 2020",9.89,10.19,9.73,10.05,"30,200",SEED
"Oct 16, 2020",9.92,10.10,9.35,9.86,"96,400",SEED
"Oct 15, 2020",9.55,9.95,9.55,9.93,"13,400",SEED
"Oct 14, 2020",10.04,10.04,9.57,9.63,"20,000",SEED
"Oct 13, 2020",10.21,10.27,9.91,10.04,"37,500",SEED
"Oct 12, 2020",10.80,10.80,10.16,10.40,"47,800",SEED
"Oct 09, 2020",10.60,10.60,10.10,10.43,"59,900",SEED
"Oct 08, 2020",9.93,10.60,9.93,10.60,"90,900",SEED
"Oct 07, 2020",10.12,10.24,9.90,10.14,"22,700",SEED
"Oct 06, 2020",10.01,10.22,9.81,9.98,"17,400",SEED
"Oct 05, 2020",9.53,10.25,9.53,10.00,"30,200",SEED
"Oct 02, 2020",9.14,9.85,9.14,9.70,"36,400",SEED
"Oct 01, 2020",9.72,9.78,9.45,9.75,"27,100",SEED
"Sep 30, 2020",9.68,10.19,9.01,9.40,"22,400",SEED
"Sep 29, 2020",10.05,10.29,9.34,9.68,"35,300",SEED
"Sep 28, 2020",9.82,10.37,9.82,10.05,"33,500",SEED
"Sep 25, 2020",10.02,10.10,9.64,9.84,"23,500",SEED
"Sep 24, 2020",9.49,9.96,8.54,9.90,"26,900",SEED
"Sep 23, 2020",10.17,10.20,9.43,9.81,"51,200",SEED
"Sep 22, 2020",10.52,10.80,10.06,10.40,"95,400",SEED
"Sep 21, 2020",9.09,10.86,8.69,10.70,"172,900",SEED
"Sep 18, 2020",7.82,9.68,7.31,9.68,"196,900",SEED
"Sep 17, 2020",8.00,8.00,7.70,7.81,"28,400",SEED
"Sep 16, 2020",8.01,8.24,7.88,7.97,"24,400",SEED
"Sep 15, 2020",8.37,8.57,8.09,8.10,"13,400",SEED
"Sep 14, 2020",8.01,8.48,7.74,8.30,"31,700",SEED
"Sep 11, 2020",8.06,8.40,7.78,7.97,"33,900",SEED
"Sep 10, 2020",8.19,8.20,7.92,8.08,"15,300",SEED
"Sep 09, 2020",8.30,8.53,7.84,8.13,"20,600",SEED
"Sep 08, 2020",7.72,8.60,7.72,8.29,"25,600",SEED
"Sep 04, 2020",8.55,8.79,7.63,7.94,"39,400",SEED
"Sep 03, 2020",8.96,8.97,8.56,8.56,"19,900",SEED
"Sep 02, 2020",8.87,9.07,8.73,8.89,"28,700",SEED
"Sep 01, 2020",8.84,9.30,8.65,8.99,"38,000",SEED
"Aug 31, 2020",8.99,9.19,8.82,8.98,"10,100",SEED
"Aug 28, 2020",8.65,9.16,8.63,9.13,"16,600",SEED
"Aug 27, 2020",8.56,8.90,8.55,8.67,"25,600",SEED
"Aug 26, 2020",9.02,9.49,8.65,8.80,"84,800",SEED
"Aug 25, 2020",8.80,9.08,8.53,8.98,"23,700",SEED
"Aug 24, 2020",9.87,10.07,8.65,8.95,"75,300",SEED
"Aug 21, 2020",9.30,10.44,9.30,10.00,"100,900",SEED
"Aug 20, 2020",9.98,10.07,9.00,9.18,"116,000",SEED
"Aug 19, 2020",10.50,10.65,10.01,10.17,"30,200",SEED
"Aug 18, 2020",10.45,10.83,10.16,10.57,"21,900",SEED
"Aug 17, 2020",10.62,10.66,10.03,10.46,"45,500",SEED
"Aug 14, 2020",11.29,11.29,10.60,10.70,"53,500",SEED
"Aug 13, 2020",11.61,11.74,10.94,11.30,"58,000",SEED
"Aug 12, 2020",11.34,11.95,11.21,11.45,"56,700",SEED
"Aug 11, 2020",10.80,12.22,10.61,11.49,"245,300",SEED
"Aug 10, 2020",10.39,10.90,9.63,10.62,"86,200",SEED
"Aug 07, 2020",10.60,10.60,9.92,10.23,"81,100",SEED
"Aug 06, 2020",11.16,11.16,10.27,10.56,"66,200",SEED
"Aug 05, 2020",11.71,11.76,10.75,10.91,"92,400",SEED
"Aug 04, 2020",11.96,11.96,11.50,11.78,"47,800",SEED
"Aug 03, 2020",12.26,12.42,11.66,11.90,"84,700",SEED
"Jul 31, 2020",13.46,13.50,11.81,12.59,"215,300",SEED
"Jul 30, 2020",12.52,12.52,11.20,11.65,"103,100",SEED
"Jul 29, 2020",12.62,13.50,12.31,12.49,"60,500",SEED
"Jul 28, 2020",12.85,14.19,12.56,12.72,"211,800",SEED
"Jul 27, 2020",11.39,13.75,10.62,13.04,"724,700",SEED
"Jul 24, 2020",9.82,10.44,9.61,10.11,"61,100",SEED
"Jul 23, 2020",10.63,11.26,9.90,9.98,"76,000",SEED
"Jul 22, 2020",11.58,11.68,10.75,10.84,"119,800",SEED
"Jul 21, 2020",12.29,13.24,11.39,11.72,"215,400",SEED
"Jul 20, 2020",11.81,12.55,11.34,12.05,"112,600",SEED
"Jul 17, 2020",11.75,12.67,11.59,12.10,"168,300",SEED
"Jul 16, 2020",9.91,12.40,9.77,11.79,"311,300",SEED
"Jul 15, 2020",10.29,12.23,9.52,10.46,"824,700",SEED
"Jul 14, 2020",9.30,9.66,8.65,9.15,"134,500",SEED
"Jul 13, 2020",9.74,9.98,9.24,9.40,"109,200",SEED
"Jul 10, 2020",9.60,9.87,9.15,9.65,"78,000",SEED
"Jul 09, 2020",9.61,10.20,9.43,9.56,"133,800",SEED
"Jul 08, 2020",10.04,10.33,9.28,9.65,"155,300",SEED
"Jul 07, 2020",8.60,10.39,8.60,10.10,"502,400",SEED
"Jul 06, 2020",8.23,8.79,7.77,8.70,"171,000",SEED
"Jul 02, 2020",6.59,9.19,6.40,8.63,"1,328,800",SEED
"Jul 01, 2020",6.86,6.87,6.17,6.38,"27,600",SEED
"Jun 30, 2020",6.46,7.48,6.28,6.76,"84,000",SEED
"Jun 29, 2020",6.40,6.49,6.20,6.41,"21,700",SEED
"Jun 26, 2020",6.93,6.96,6.35,6.61,"41,200",SEED
"Jun 25, 2020",7.19,7.19,6.92,7.07,"26,600",SEED
"Jun 24, 2020",8.06,8.06,7.05,7.24,"68,900",SEED
"Jun 23, 2020",7.19,8.80,7.13,7.98,"253,500",SEED
"Jun 22, 2020",7.87,7.87,7.01,7.08,"41,300",SEED
Missing,Missing,Missing,Missing,Missing,Missing,Missing
"Nov 10, 2020",5.41,5.70,5.50,5.70,"2,388",FAT
"Nov 09, 2020",5.95,5.95,5.40,5.60,"29,200",FAT
"Nov 06, 2020",5.71,5.71,5.55,5.60,"6,400",FAT
"Nov 05, 2020",5.53,5.69,5.46,5.55,"12,900",FAT
"Nov 04, 2020",5.50,5.50,5.38,5.48,"3,600",FAT
"Nov 03, 2020",5.11,5.53,5.11,5.40,"7,100",FAT
"Nov 02, 2020",5.09,5.59,5.09,5.55,"4,300",FAT
"Oct 30, 2020",5.60,5.60,5.28,5.40,"9,100",FAT
"Oct 29, 2020",5.52,5.60,5.43,5.60,"9,400",FAT
"Oct 28, 2020",5.35,5.61,5.26,5.61,"30,900",FAT
"Oct 27, 2020",5.34,5.60,5.22,5.35,"25,800",FAT
"Oct 26, 2020",5.58,6.37,5.30,5.40,"203,200",FAT
"Oct 23, 2020",5.54,5.75,5.50,5.59,"10,100",FAT
"Oct 22, 2020",5.56,5.90,5.55,5.58,"37,900",FAT
"Oct 21, 2020",5.64,5.69,5.50,5.64,"7,700",FAT
"Oct 20, 2020",5.60,5.66,5.36,5.64,"15,000",FAT
"Oct 19, 2020",5.45,5.90,5.45,5.60,"29,400",FAT
"Oct 16, 2020",5.51,5.60,5.35,5.55,"17,700",FAT
"Oct 15, 2020",5.62,5.73,5.28,5.40,"22,500",FAT
"Oct 14, 2020",5.61,5.73,5.25,5.62,"43,400",FAT
"Oct 13, 2020",5.84,6.30,5.84,5.90,"82,300",FAT
"Oct 12, 2020",5.90,6.49,5.29,6.27,"184,700",FAT
"Oct 09, 2020",5.22,5.22,5.02,5.16,"8,500",FAT
"Oct 08, 2020",5.25,5.25,5.09,5.11,"7,100",FAT
"Oct 07, 2020",5.03,5.22,5.00,5.12,"19,900",FAT
"Oct 06, 2020",5.41,5.41,4.71,4.94,"47,700",FAT
"Oct 05, 2020",5.57,5.57,5.33,5.41,"8,700",FAT
"Oct 02, 2020",5.65,5.65,5.30,5.52,"24,200",FAT
"Oct 01, 2020",5.63,5.86,5.50,5.66,"10,800",FAT
"Sep 30, 2020",5.71,6.05,5.40,5.64,"45,400",FAT
"Sep 29, 2020",6.10,6.10,5.56,5.99,"18,800",FAT
"Sep 28, 2020",6.10,6.10,5.75,6.02,"25,900",FAT
"Sep 25, 2020",6.08,6.32,5.75,5.75,"21,800",FAT
"Sep 24, 2020",6.09,6.50,5.75,6.25,"54,000",FAT
"Sep 23, 2020",6.35,6.35,5.95,5.96,"39,900",FAT
"Sep 22, 2020",6.12,6.45,5.95,6.09,"69,600",FAT
"Sep 21, 2020",5.85,5.90,5.75,5.90,"43,400",FAT
"Sep 18, 2020",5.24,5.95,5.10,5.94,"93,900",FAT
"Sep 17, 2020",5.15,5.38,4.99,5.24,"31,000",FAT
"Sep 16, 2020",4.93,5.20,4.66,5.16,"56,000",FAT
"Sep 15, 2020",4.90,4.90,4.56,4.88,"26,300",FAT
"Sep 14, 2020",4.49,4.90,4.35,4.90,"36,800",FAT
"Sep 11, 2020",4.57,4.61,4.40,4.49,"11,300",FAT
"Sep 10, 2020",4.52,4.61,4.32,4.60,"23,200",FAT
"Sep 09, 2020",4.49,4.79,4.49,4.53,"13,500",FAT
"Sep 08, 2020",4.67,4.67,4.30,4.50,"24,300",FAT
"Sep 04, 2020",4.92,4.92,4.62,4.74,"17,100",FAT
"Sep 03, 2020",4.93,4.93,4.65,4.92,"47,300",FAT
"Sep 02, 2020",4.87,4.93,4.55,4.93,"40,200",FAT
"Sep 01, 2020",5.07,5.07,4.70,4.89,"39,000",FAT
"Aug 31, 2020",5.27,5.40,4.77,5.12,"86,300",FAT
"Aug 28, 2020",4.69,5.23,4.59,5.20,"85,800",FAT
"Aug 27, 2020",4.63,4.66,4.51,4.61,"39,400",FAT
"Aug 26, 2020",4.63,4.75,4.40,4.53,"60,900",FAT
"Aug 25, 2020",4.33,4.78,4.33,4.72,"75,600",FAT
"Aug 24, 2020",5.05,5.25,4.20,4.32,"219,800",FAT
"Aug 21, 2020",5.32,5.50,5.00,5.06,"108,200",FAT
"Aug 20, 2020",5.23,5.68,5.20,5.48,"189,700",FAT
"Aug 19, 2020",5.49,5.49,5.06,5.39,"114,500",FAT
"Aug 18, 2020",6.11,6.17,5.00,5.00,"209,900",FAT
"Aug 17, 2020",5.80,6.20,5.40,6.11,"374,000",FAT
"Aug 14, 2020",6.80,7.00,5.90,6.23,"964,900",FAT
"Aug 13, 2020",9.37,10.25,6.82,7.01,"32,591,700",FAT
"Aug 12, 2020",3.48,3.66,3.17,3.53,"29,100",FAT
"Aug 11, 2020",3.33,3.40,3.32,3.36,"4,600",FAT
"Aug 10, 2020",3.25,3.47,3.15,3.26,"8,900",FAT
"Aug 07, 2020",3.35,3.54,3.16,3.24,"11,500",FAT
"Aug 06, 2020",3.25,3.90,3.21,3.72,"53,300",FAT
"Aug 05, 2020",3.14,3.37,3.14,3.23,"7,400",FAT
"Aug 04, 2020",3.12,3.34,3.00,3.34,"16,100",FAT
"Aug 03, 2020",3.12,3.17,2.93,2.99,"9,400",FAT
"Jul 31, 2020",3.20,3.32,3.20,3.20,800,FAT
"Jul 30, 2020",3.25,3.30,3.15,3.15,"2,500",FAT
"Jul 29, 2020",3.35,3.35,3.21,3.27,"4,300",FAT
"Jul 28, 2020",3.44,3.44,3.12,3.12,"4,600",FAT
"Jul 27, 2020",3.34,3.58,3.34,3.51,"5,000",FAT
"Jul 24, 2020",3.38,3.47,3.38,3.41,"2,200",FAT
"Jul 23, 2020",3.35,3.38,3.30,3.30,"1,700",FAT
"Jul 22, 2020",3.30,3.46,3.28,3.40,"3,900",FAT
"Jul 21, 2020",3.48,3.52,3.29,3.37,"6,500",FAT
"Jul 20, 2020",3.30,3.54,3.30,3.47,"1,700",FAT
"Jul 17, 2020",3.40,3.49,3.40,3.40,"1,400",FAT
"Jul 16, 2020",3.28,3.42,3.25,3.36,"6,500",FAT
"Jul 15, 2020",3.29,3.53,3.26,3.33,"7,100",FAT
"Jul 14, 2020",3.24,3.37,3.11,3.13,"6,300",FAT
"Jul 13, 2020",3.30,3.30,3.14,3.14,"5,800",FAT
"Jul 10, 2020",3.46,3.48,3.15,3.28,"4,700",FAT
"Jul 09, 2020",3.55,3.55,3.18,3.46,"8,100",FAT
"Jul 08, 2020",3.48,3.55,3.42,3.50,"3,200",FAT
"Jul 07, 2020",3.40,3.42,3.18,3.42,"2,300",FAT
"Jul 06, 2020",3.36,3.40,3.18,3.36,"3,000",FAT
"Jul 02, 2020",3.36,3.48,3.34,3.34,"2,600",FAT
"Jul 01, 2020",3.35,3.41,3.30,3.30,"1,800",FAT
"Jun 30, 2020",3.48,3.48,3.39,3.45,"1,100",FAT
"Jun 29, 2020",3.29,3.49,3.26,3.26,"8,800",FAT
"Jun 26, 2020",3.50,3.51,3.22,3.22,"6,800",FAT
"Jun 25, 2020",3.51,3.67,3.50,3.59,"1,800",FAT
"Jun 24, 2020",3.57,3.75,3.47,3.71,"5,300",FAT
"Jun 23, 2020",3.55,3.56,3.54,3.54,"1,900",FAT
"Jun 22, 2020",3.46,3.60,3.27,3.43,"9,100",FAT
"Nov 10, 2020",29.46,29.98,29.46,29.98,"15,564",GNTY
"Nov 09, 2020",29.77,30.00,28.62,29.00,"60,200",GNTY
"Nov 06, 2020",28.35,28.52,27.56,27.58,"9,300",GNTY
"Nov 05, 2020",27.99,29.09,27.99,28.62,"15,200",GNTY
"Nov 04, 2020",29.50,29.50,26.97,27.73,"24,400",GNTY
"Nov 03, 2020",29.00,29.90,28.92,29.90,"36,000",GNTY
"Nov 02, 2020",29.00,29.00,28.45,28.87,"23,300",GNTY
"Oct 30, 2020",28.95,29.00,28.55,28.90,"28,200",GNTY
"Oct 29, 2020",27.99,28.77,27.82,28.77,"13,700",GNTY
"Oct 28, 2020",27.24,28.03,27.10,27.69,"24,300",GNTY
"Oct 27, 2020",28.33,28.57,27.55,27.55,"6,100",GNTY
"Oct 26, 2020",28.60,28.69,28.20,28.39,"8,500",GNTY
"Oct 23, 2020",28.80,29.04,28.52,28.69,"11,300",GNTY
"Oct 22, 2020",28.21,28.98,28.21,28.50,"17,000",GNTY
"Oct 21, 2020",28.38,28.47,28.20,28.25,"16,000",GNTY
"Oct 20, 2020",28.46,28.87,28.20,28.20,"10,200",GNTY
"Oct 19, 2020",29.02,29.72,28.01,28.01,"17,600",GNTY
"Oct 16, 2020",27.11,28.43,26.89,28.05,"61,800",GNTY
"Oct 15, 2020",26.93,27.53,26.67,27.37,"14,900",GNTY
"Oct 14, 2020",26.71,27.17,26.64,26.64,"6,900",GNTY
"Oct 13, 2020",27.06,27.20,25.50,26.81,"5,300",GNTY
"Oct 12, 2020",27.50,27.50,26.76,27.15,"12,400",GNTY
"Oct 09, 2020",26.72,27.80,26.72,27.60,"6,600",GNTY
"Oct 08, 2020",26.94,27.74,26.34,27.59,"12,600",GNTY
"Oct 07, 2020",26.74,27.50,25.95,26.70,"15,600",GNTY
"Oct 06, 2020",26.23,27.61,25.54,26.60,"12,700",GNTY
"Oct 05, 2020",24.65,26.47,24.65,26.47,"21,600",GNTY
"Oct 02, 2020",25.00,25.79,25.00,25.45,"47,500",GNTY
"Oct 01, 2020",24.89,25.50,24.84,25.05,"20,200",GNTY
"Sep 30, 2020",24.12,25.32,24.12,24.89,"18,900",GNTY
"Sep 29, 2020",24.66,24.66,24.34,24.41,"7,400",GNTY
"Sep 28, 2020",23.81,25.18,23.69,24.85,"12,900",GNTY
"Sep 25, 2020",23.39,23.81,23.31,23.53,"13,400",GNTY
"Sep 24, 2020",23.08,24.14,23.08,23.53,"14,900",GNTY
"Sep 23, 2020",23.93,24.43,23.17,23.25,"11,900",GNTY
"Sep 22, 2020",24.31,24.55,23.45,24.03,"17,400",GNTY
"Sep 21, 2020",25.09,25.46,23.85,24.07,"27,600",GNTY
"Sep 18, 2020",25.56,25.78,25.50,25.50,"30,500",GNTY
"Sep 17, 2020",25.37,25.72,25.23,25.23,"9,600",GNTY
"Sep 16, 2020",25.16,25.77,25.16,25.50,"8,800",GNTY
"Sep 15, 2020",25.58,25.80,25.09,25.52,"7,800",GNTY
"Sep 14, 2020",25.24,25.72,25.09,25.61,"7,000",GNTY
"Sep 11, 2020",24.85,25.38,24.45,25.11,"10,700",GNTY
"Sep 10, 2020",24.35,24.89,23.82,24.76,"20,900",GNTY
"Sep 09, 2020",25.28,25.40,24.44,24.44,"29,100",GNTY
"Sep 08, 2020",25.79,25.87,25.20,25.20,"12,500",GNTY
"Sep 04, 2020",26.25,26.37,25.75,26.31,"8,600",GNTY
"Sep 03, 2020",26.25,26.70,25.71,25.88,"20,200",GNTY
"Sep 02, 2020",26.54,26.69,26.35,26.47,"6,900",GNTY
"Sep 01, 2020",26.52,26.79,26.00,26.59,"7,800",GNTY
"Aug 31, 2020",26.67,26.99,25.84,26.45,"14,600",GNTY
"Aug 28, 2020",26.29,26.69,26.13,26.66,"5,600",GNTY
"Aug 27, 2020",27.11,27.11,25.80,26.70,"10,100",GNTY
"Aug 26, 2020",26.95,26.95,26.27,26.60,"12,500",GNTY
"Aug 25, 2020",27.02,27.59,27.02,27.15,"7,600",GNTY
"Aug 24, 2020",27.01,27.48,26.64,27.36,"7,800",GNTY
"Aug 21, 2020",26.87,27.05,26.46,26.78,"7,800",GNTY
"Aug 20, 2020",27.07,27.52,26.92,27.09,"4,300",GNTY
"Aug 19, 2020",26.73,27.47,26.73,27.47,"9,400",GNTY
"Aug 18, 2020",26.80,27.04,26.76,26.88,"5,800",GNTY
"Aug 17, 2020",27.94,27.94,27.34,27.57,"12,600",GNTY
"Aug 14, 2020",27.66,28.40,27.63,28.16,"10,100",GNTY
"Aug 13, 2020",28.43,28.43,27.90,27.90,"3,900",GNTY
"Aug 12, 2020",28.93,28.93,28.21,28.72,"10,500",GNTY
"Aug 11, 2020",28.49,29.00,28.31,28.40,"13,400",GNTY
"Aug 10, 2020",28.05,28.37,27.74,28.22,"18,300",GNTY
"Aug 07, 2020",27.40,28.32,27.40,28.32,"25,000",GNTY
"Aug 06, 2020",27.76,27.76,27.23,27.32,"8,800",GNTY
"Aug 05, 2020",27.12,27.88,26.93,27.80,"13,600",GNTY
"Aug 04, 2020",26.84,27.10,26.82,26.85,"9,900",GNTY
"Aug 03, 2020",27.26,27.39,27.05,27.12,"9,000",GNTY
"Jul 31, 2020",27.63,27.63,26.71,27.10,"26,500",GNTY
"Jul 30, 2020",27.46,27.73,27.24,27.53,"9,700",GNTY
"Jul 29, 2020",27.48,27.87,27.09,27.69,"20,900",GNTY
"Jul 28, 2020",26.41,27.47,26.41,27.44,"21,100",GNTY
"Jul 27, 2020",26.50,26.74,25.81,26.74,"11,400",GNTY
"Jul 24, 2020",27.11,27.11,26.35,26.42,"6,800",GNTY
"Jul 23, 2020",27.37,27.37,26.56,27.13,"7,900",GNTY
"Jul 22, 2020",26.30,27.40,25.99,27.38,"18,000",GNTY
"Jul 21, 2020",24.32,26.54,24.32,26.54,"42,000",GNTY
"Jul 20, 2020",24.92,24.92,24.20,24.51,"8,500",GNTY
"Jul 17, 2020",24.83,25.16,24.64,24.81,"7,600",GNTY
"Jul 16, 2020",25.10,25.30,23.02,25.05,"9,100",GNTY
"Jul 15, 2020",24.90,26.00,24.55,25.15,"28,600",GNTY
"Jul 14, 2020",23.92,24.84,23.80,24.84,"21,400",GNTY
"Jul 13, 2020",24.35,24.35,23.86,23.94,"13,500",GNTY
"Jul 10, 2020",22.72,23.93,22.72,23.91,"7,800",GNTY
"Jul 09, 2020",23.61,23.91,22.70,23.02,"19,000",GNTY
"Jul 08, 2020",23.47,25.35,23.01,23.38,"12,900",GNTY
"Jul 07, 2020",24.13,24.13,23.54,23.59,"12,700",GNTY
"Jul 06, 2020",24.60,24.60,24.23,24.39,"6,500",GNTY
"Jul 02, 2020",25.19,25.75,23.53,24.41,"11,400",GNTY
"Jul 01, 2020",25.96,25.96,24.46,24.51,"11,000",GNTY
"Jun 30, 2020",24.64,26.32,24.42,25.87,"19,200",GNTY
"Jun 29, 2020",24.05,25.02,23.90,24.81,"14,000",GNTY
"Jun 26, 2020",24.87,24.87,23.18,23.87,"156,100",GNTY
"Jun 25, 2020",24.02,24.91,23.76,24.91,"19,400",GNTY
"Jun 24, 2020",24.18,24.54,24.01,24.10,"25,800",GNTY
"Nov 10, 2020",2.5400,2.7400,2.4600,2.7350,"774,574",LTRPA
"Nov 09, 2020",2.4700,2.7700,2.2800,2.5300,"4,247,700",LTRPA
"Nov 06, 2020",1.9900,2.0500,1.9000,1.9400,"513,400",LTRPA
"Nov 05, 2020",1.8600,2.0500,1.8600,2.0400,"966,200",LTRPA
"Nov 04, 2020",1.8100,1.8950,1.7810,1.8600,"437,400",LTRPA
"Nov 03, 2020",1.7900,1.8600,1.7400,1.8200,"665,200",LTRPA
"Nov 02, 2020",1.8000,1.8000,1.7300,1.7600,"498,100",LTRPA
"Oct 30, 2020",1.7500,1.7900,1.7100,1.7800,"836,800",LTRPA
"Oct 29, 2020",1.7100,1.7800,1.6500,1.7800,"687,600",LTRPA
"Oct 28, 2020",1.7000,1.7690,1.6100,1.7200,"1,256,200",LTRPA
"Oct 27, 2020",1.8600,1.8600,1.7400,1.7700,"541,800",LTRPA
"Oct 26, 2020",1.8600,1.8950,1.7600,1.8800,"2,179,300",LTRPA
"Oct 23, 2020",1.8500,1.9000,1.8100,1.8800,"1,465,900",LTRPA
"Oct 22, 2020",1.7000,1.8300,1.6900,1.8100,"1,375,300",LTRPA
"Oct 21, 2020",1.7000,1.7370,1.6900,1.6900,"431,100",LTRPA
"Oct 20, 2020",1.7000,1.7400,1.6730,1.7100,"750,000",LTRPA
"Oct 19, 2020",1.7100,1.7400,1.6600,1.6600,"551,200",LTRPA
"Oct 16, 2020",1.7300,1.7720,1.6700,1.6900,"671,700",LTRPA
"Oct 15, 2020",1.7600,1.7900,1.6500,1.7300,"1,055,700",LTRPA
"Oct 14, 2020",1.8100,1.8600,1.7700,1.7700,"650,600",LTRPA
"Oct 13, 2020",1.9000,1.9070,1.7750,1.8000,"975,500",LTRPA
"Oct 12, 2020",1.8700,1.9000,1.8200,1.8800,"511,600",LTRPA
"Oct 09, 2020",1.9000,1.9000,1.8100,1.8400,"1,302,900",LTRPA
"Oct 08, 2020",1.9200,1.9200,1.8400,1.8700,"494,400",LTRPA
"Oct 07, 2020",1.8000,1.8800,1.7800,1.8700,"898,700",LTRPA
"Oct 06, 2020",1.7500,1.9300,1.7460,1.7800,"1,121,400",LTRPA
"Oct 05, 2020",1.7500,1.7900,1.6800,1.7200,"581,500",LTRPA
"Oct 02, 2020",1.6600,1.8000,1.6550,1.7400,"744,300",LTRPA
"Oct 01, 2020",1.7300,1.7900,1.7000,1.7800,"591,100",LTRPA
"Sep 30, 2020",1.8150,1.8250,1.6800,1.7300,"1,320,900",LTRPA
"Sep 29, 2020",1.8000,1.8000,1.6900,1.7600,"808,000",LTRPA
"Sep 28, 2020",1.7400,1.7900,1.7100,1.7800,"703,600",LTRPA
"Sep 25, 2020",1.6600,1.6700,1.6000,1.6300,"935,700",LTRPA
"Sep 24, 2020",1.6600,1.6900,1.5550,1.6200,"750,500",LTRPA
"Sep 23, 2020",1.8000,1.8700,1.6400,1.6700,"1,018,600",LTRPA
"Sep 22, 2020",1.8800,1.9100,1.7100,1.7800,"1,874,600",LTRPA
"Sep 21, 2020",2.0100,2.0200,1.8000,1.8200,"2,303,700",LTRPA
"Sep 18, 2020",2.1600,2.1600,1.9850,2.1000,"2,011,600",LTRPA
"Sep 17, 2020",2.1300,2.1600,2.0600,2.1300,"823,400",LTRPA
"Sep 16, 2020",2.1200,2.2100,2.0400,2.1750,"1,413,900",LTRPA
"Sep 15, 2020",2.1900,2.2000,2.1130,2.1200,"1,013,400",LTRPA
"Sep 14, 2020",2.2000,2.2150,2.1000,2.1300,"929,200",LTRPA
"Sep 11, 2020",2.2800,2.2800,2.1400,2.1800,"859,700",LTRPA
"Sep 10, 2020",2.3000,2.3900,2.2400,2.2800,"725,000",LTRPA
"Sep 09, 2020",2.4400,2.4400,2.2600,2.2700,"878,800",LTRPA
"Sep 08, 2020",2.3400,2.4400,2.2900,2.4000,"988,100",LTRPA
"Sep 04, 2020",2.6800,2.6870,2.3400,2.3800,"1,489,200",LTRPA
"Sep 03, 2020",2.7800,2.8400,2.5740,2.6000,"863,300",LTRPA
"Sep 02, 2020",2.7500,2.8000,2.6600,2.7800,"701,300",LTRPA
"Sep 01, 2020",2.8000,2.8400,2.7150,2.7300,"688,700",LTRPA
"Aug 31, 2020",3.0600,3.0800,2.8000,2.8000,"1,201,500",LTRPA
"Aug 28, 2020",3.0600,3.1180,3.0100,3.0600,"1,106,900",LTRPA
"Aug 27, 2020",2.8400,3.0700,2.8300,3.0300,"1,280,700",LTRPA
"Aug 26, 2020",2.9800,3.0300,2.8000,2.8200,"753,300",LTRPA
"Aug 25, 2020",2.9400,3.0300,2.8400,3.0300,"886,000",LTRPA
"Aug 24, 2020",2.7100,2.9600,2.7100,2.9600,"1,158,400",LTRPA
"Aug 21, 2020",2.6700,2.7150,2.6100,2.6600,"760,100",LTRPA
"Aug 20, 2020",2.6900,2.7300,2.6250,2.6800,"527,600",LTRPA
"Aug 19, 2020",2.7000,2.7650,2.6700,2.7400,"569,800",LTRPA
"Aug 18, 2020",2.7800,2.7800,2.6400,2.6800,"709,200",LTRPA
"Aug 17, 2020",2.7600,2.8500,2.7400,2.7600,"506,800",LTRPA
"Aug 14, 2020",2.8000,2.8500,2.7450,2.7900,"547,700",LTRPA
"Aug 13, 2020",2.9200,2.9400,2.7900,2.8100,"849,300",LTRPA
"Aug 12, 2020",2.8600,2.9700,2.7890,2.9400,"1,671,600",LTRPA
"Aug 11, 2020",2.7300,3.0000,2.7100,2.8100,"2,074,800",LTRPA
"Aug 10, 2020",2.7200,2.7600,2.6300,2.6700,"704,100",LTRPA
"Aug 07, 2020",2.8300,2.8800,2.4700,2.6700,"1,098,700",LTRPA
"Aug 06, 2020",2.6200,2.9100,2.5750,2.7800,"3,000,400",LTRPA
"Aug 05, 2020",2.6200,2.6350,2.5300,2.6300,"602,600",LTRPA
"Aug 04, 2020",2.5200,2.5850,2.4810,2.5400,"403,700",LTRPA
"Aug 03, 2020",2.4700,2.5200,2.3850,2.5200,"528,400",LTRPA
"Jul 31, 2020",2.6600,2.6600,2.3600,2.4800,"1,311,600",LTRPA
"Jul 30, 2020",2.6500,2.6800,2.4700,2.6600,"982,700",LTRPA
"Jul 29, 2020",2.7000,2.7300,2.6200,2.7100,"599,300",LTRPA
"Jul 28, 2020",2.5100,2.7700,2.5000,2.6600,"2,029,400",LTRPA
"Jul 27, 2020",2.3600,2.5600,2.3200,2.5500,"1,224,200",LTRPA
"Jul 24, 2020",2.3700,2.4100,2.2600,2.3700,"764,600",LTRPA
"Jul 23, 2020",2.3500,2.4600,2.3100,2.3700,"645,200",LTRPA
"Jul 22, 2020",2.3700,2.4050,2.3100,2.3800,"538,200",LTRPA
"Jul 21, 2020",2.3200,2.4250,2.3000,2.3700,"822,100",LTRPA
"Jul 20, 2020",2.3100,2.3700,2.2000,2.3500,"830,400",LTRPA
"Jul 17, 2020",2.3000,2.3500,2.2600,2.3300,"761,000",LTRPA
"Jul 16, 2020",2.4100,2.4100,2.2700,2.3000,"799,900",LTRPA
"Jul 15, 2020",2.2400,2.4650,2.2400,2.4300,"2,128,900",LTRPA
"Jul 14, 2020",2.1400,2.1900,2.0900,2.1400,"771,600",LTRPA
"Jul 13, 2020",2.2800,2.3000,2.1400,2.1500,"990,300",LTRPA
"Jul 10, 2020",2.2000,2.2850,2.1310,2.2800,"696,600",LTRPA
"Jul 09, 2020",2.1700,2.2500,2.0500,2.2200,"1,088,800",LTRPA
"Jul 08, 2020",2.2000,2.2100,2.0700,2.1700,"904,600",LTRPA
"Jul 07, 2020",2.2500,2.3200,2.1800,2.1900,"1,435,600",LTRPA
"Jul 06, 2020",2.2700,2.3250,2.1500,2.3200,"1,647,300",LTRPA
"Jul 02, 2020",2.2400,2.2800,2.1350,2.1800,"806,100",LTRPA
"Jul 01, 2020",2.1600,2.2600,2.1200,2.1700,"1,318,600",LTRPA
"Jun 30, 2020",2.1900,2.2100,2.0700,2.1300,"1,080,600",LTRPA
"Jun 29, 2020",2.0400,2.2200,1.9750,2.1700,"2,016,500",LTRPA
"Jun 26, 2020",2.1000,2.1100,1.9500,1.9600,"3,284,600",LTRPA
"Jun 25, 2020",2.0100,2.1400,1.9600,2.1200,"1,373,100",LTRPA
"Jun 24, 2020",2.2500,2.3200,2.0000,2.0500,"3,139,200",LTRPA
"Jun 23, 2020",2.0000,2.5900,1.9600,2.4400,"5,729,300",LTRPA
"Jun 22, 2020",2.1000,2.1500,1.8800,2.0000,"2,793,600",LTRPA
"Nov 10, 2020",0.9500,0.9500,0.9037,0.9199,"195,155",SALM
"Nov 09, 2020",0.9100,0.9700,0.8900,0.9500,"596,900",SALM
"Nov 06, 2020",0.8900,0.9100,0.8600,0.9000,"448,800",SALM
"Nov 05, 2020",0.8500,0.9000,0.8500,0.8900,"505,900",SALM
"Nov 04, 2020",0.8800,0.8900,0.8300,0.8400,"609,400",SALM
"Nov 03, 2020",0.9000,0.9100,0.8600,0.8800,"734,500",SALM
"Nov 02, 2020",0.8300,0.8900,0.8300,0.8600,"377,300",SALM
"Oct 30, 2020",0.9000,0.9000,0.7800,0.8300,"771,600",SALM
"Oct 29, 2020",0.9100,0.9400,0.8700,0.9000,"840,400",SALM
"Oct 28, 2020",0.9400,0.9500,0.8800,0.9000,"737,700",SALM
"Oct 27, 2020",0.9400,0.9600,0.9200,0.9500,"533,500",SALM
"Oct 26, 2020",1.0300,1.0400,0.9200,0.9400,"1,470,700",SALM
"Oct 23, 2020",1.1000,1.1000,1.0000,1.0300,"1,427,400",SALM
"Oct 22, 2020",1.1200,1.1600,1.0800,1.0900,"1,764,700",SALM
"Oct 21, 2020",1.0400,1.1600,1.0300,1.0900,"2,381,500",SALM
"Oct 20, 2020",1.0100,1.0900,1.0100,1.0600,"1,418,200",SALM
"Oct 19, 2020",1.0100,1.0400,0.9900,1.0000,"580,800",SALM
"Oct 16, 2020",0.9900,1.0400,0.9900,1.0100,"566,200",SALM
"Oct 15, 2020",0.9900,1.0500,0.9800,1.0100,"841,900",SALM
"Oct 14, 2020",1.0000,1.0200,1.0000,1.0100,"291,600",SALM
"Oct 13, 2020",0.9800,1.0200,0.9500,1.0000,"1,092,800",SALM
"Oct 12, 2020",0.9900,1.0600,0.9500,0.9900,"2,335,300",SALM
"Oct 09, 2020",1.0100,1.0200,0.9700,0.9800,"900,100",SALM
"Oct 08, 2020",1.1000,1.2500,1.0200,1.0500,"4,743,500",SALM
"Oct 07, 2020",0.9300,1.1900,0.9300,1.1800,"5,748,700",SALM
"Oct 06, 2020",0.9200,0.9800,0.9100,0.9400,"916,000",SALM
"Oct 05, 2020",0.9200,0.9400,0.9000,0.9200,"442,900",SALM
"Oct 02, 2020",0.9000,0.9400,0.8600,0.9200,"718,600",SALM
"Oct 01, 2020",0.9200,0.9200,0.9000,0.9100,"317,700",SALM
"Sep 30, 2020",0.9600,0.9700,0.8900,0.9200,"1,293,000",SALM
"Sep 29, 2020",0.9300,1.0500,0.9000,0.9900,"3,645,300",SALM
"Sep 28, 2020",0.9500,1.0200,0.9200,0.9500,"1,950,800",SALM
"Sep 25, 2020",0.9100,1.1400,0.8900,1.0500,"3,258,600",SALM
"Sep 24, 2020",0.9200,0.9300,0.8600,0.9100,"787,800",SALM
"Sep 23, 2020",0.9400,0.9800,0.8700,0.9200,"741,600",SALM
"Sep 22, 2020",0.9200,1.0200,0.9200,0.9300,"1,141,800",SALM
"Sep 21, 2020",0.9700,1.0000,0.9100,0.9300,"699,900",SALM
"Sep 18, 2020",1.0000,1.0300,0.9600,1.0000,"1,046,600",SALM
"Sep 17, 2020",1.0800,1.0900,1.0100,1.0200,"1,154,000",SALM
"Sep 16, 2020",1.1900,1.1900,1.1100,1.1400,"1,184,200",SALM
"Sep 15, 2020",1.2500,1.3000,1.1600,1.2300,"1,674,400",SALM
"Sep 14, 2020",1.1700,1.3300,1.0700,1.2800,"4,264,600",SALM
"Sep 11, 2020",0.9400,1.3500,0.9300,1.2700,"9,836,400",SALM
"Sep 10, 2020",0.9200,0.9700,0.9100,0.9400,"462,800",SALM
"Sep 09, 2020",0.9200,0.9500,0.9000,0.9100,"282,000",SALM
"Sep 08, 2020",0.9000,0.9300,0.8800,0.9200,"222,700",SALM
"Sep 04, 2020",0.9700,0.9900,0.8500,0.9200,"554,600",SALM
"Sep 03, 2020",1.0200,1.0200,0.9400,0.9600,"413,300",SALM
"Sep 02, 2020",1.0500,1.0500,0.9800,1.0200,"328,400",SALM
"Sep 01, 2020",1.0000,1.1200,0.9700,1.0400,"998,400",SALM
"Aug 31, 2020",1.0400,1.0600,0.9600,0.9700,"410,600",SALM
"Aug 28, 2020",1.0200,1.0700,1.0200,1.0400,"239,200",SALM
"Aug 27, 2020",1.1000,1.1400,1.0000,1.0200,"373,200",SALM
"Aug 26, 2020",1.0000,1.1100,0.9900,1.0800,"660,100",SALM
"Aug 25, 2020",1.0000,1.0200,0.9900,1.0000,"313,500",SALM
"Aug 24, 2020",1.1000,1.1100,0.9600,0.9900,"1,082,300",SALM
"Aug 21, 2020",1.1900,1.2200,1.1100,1.1400,"780,200",SALM
"Aug 20, 2020",1.1900,1.2800,1.1700,1.2100,"750,500",SALM
"Aug 19, 2020",1.1500,1.2400,1.1500,1.1600,"819,000",SALM
"Aug 18, 2020",1.2000,1.2100,1.1400,1.1600,"523,400",SALM
"Aug 17, 2020",1.2900,1.3300,1.1800,1.2000,"943,600",SALM
"Aug 14, 2020",1.5000,1.5100,1.3100,1.3300,"1,501,200",SALM
"Aug 13, 2020",1.4200,1.5700,1.4000,1.4800,"2,022,700",SALM
"Aug 12, 2020",1.5800,1.6300,1.4300,1.4600,"850,900",SALM
"Aug 11, 2020",1.6500,1.6900,1.5600,1.5800,"1,672,700",SALM
"Aug 10, 2020",1.5500,1.7400,1.5500,1.6200,"1,545,900",SALM
"Aug 07, 2020",1.6200,1.6200,1.4400,1.5200,"688,700",SALM
"Aug 06, 2020",1.6400,1.6700,1.5200,1.5600,"1,050,500",SALM
"Aug 05, 2020",1.6600,1.7600,1.5800,1.6800,"1,527,600",SALM
"Aug 04, 2020",1.7400,1.8900,1.6500,1.6700,"2,766,800",SALM
"Aug 03, 2020",1.7300,1.7800,1.6700,1.7400,"566,000",SALM
"Jul 31, 2020",1.7700,1.8200,1.6500,1.6700,"565,800",SALM
"Jul 30, 2020",1.7100,1.8500,1.5700,1.7600,"2,523,400",SALM
"Jul 29, 2020",1.8500,1.8700,1.7000,1.7300,"1,016,800",SALM
"Jul 28, 2020",1.9300,1.9500,1.7200,1.8300,"1,893,200",SALM
"Jul 27, 2020",2.1100,2.1500,1.8600,1.8900,"2,927,400",SALM
"Jul 24, 2020",2.1000,2.2800,2.0500,2.0800,"2,002,300",SALM
"Jul 23, 2020",2.0300,2.4600,1.9800,2.3400,"6,523,800",SALM
"Jul 22, 2020",1.9600,2.1900,1.9100,2.0200,"4,075,000",SALM
"Jul 21, 2020",1.9800,2.1000,1.8100,1.9000,"3,124,300",SALM
"Jul 20, 2020",1.9800,2.2400,1.8100,2.1300,"7,511,600",SALM
"Jul 17, 2020",1.0400,1.9900,1.0400,1.9000,"20,193,800",SALM
"Jul 16, 2020",1.0400,1.0900,0.9700,1.0500,"849,600",SALM
"Jul 15, 2020",0.9000,1.6200,0.8700,1.1700,"4,527,400",SALM
"Jul 14, 2020",0.9400,0.9400,0.8600,0.9000,"144,400",SALM
"Jul 13, 2020",0.9400,0.9500,0.9100,0.9100,"133,900",SALM
"Jul 10, 2020",0.9000,1.0100,0.9000,0.9000,"399,500",SALM
"Jul 09, 2020",1.0000,1.0000,0.9100,0.9600,"339,900",SALM
"Jul 08, 2020",1.0200,1.0300,0.9900,1.0000,"302,000",SALM
"Jul 07, 2020",1.1300,1.1400,1.0100,1.0100,"472,000",SALM
"Jul 06, 2020",1.1100,1.1800,1.1000,1.1200,"626,500",SALM
"Jul 02, 2020",1.1500,1.2200,1.1000,1.1100,"823,700",SALM
"Jul 01, 2020",1.1200,1.1900,1.1200,1.1500,"266,000",SALM
"Jun 30, 2020",1.2300,1.2600,1.0900,1.1300,"553,300",SALM
"Jun 29, 2020",1.1900,1.1900,1.0700,1.1300,"487,600",SALM
"Jun 26, 2020",1.1700,1.2700,1.1500,1.1500,"355,300",SALM
"Jun 25, 2020",1.1400,1.2200,1.1400,1.2000,"287,300",SALM
"Jun 24, 2020",1.2600,1.2900,1.1100,1.1300,"433,500",SALM
"Jun 23, 2020",1.3600,1.4100,1.2200,1.2700,"590,900",SALM
"Jun 22, 2020",1.5000,1.5700,1.3600,1.3800,"746,300",SALM
"Nov 10, 2020",22.30,23.30,23.30,23.30,25,OFED
"Nov 09, 2020",22.30,22.30,22.30,22.30,"1,100",OFED
"Nov 06, 2020",21.30,21.30,21.30,21.30,300,OFED
"Nov 05, 2020",21.74,21.74,21.40,21.40,600,OFED
"Nov 04, 2020",23.20,23.20,23.20,23.20,-,OFED
"Nov 03, 2020",23.20,23.20,23.20,23.20,900,OFED
"Nov 02, 2020",23.20,23.20,23.20,23.20,400,OFED
"Oct 30, 2020",22.51,22.51,22.51,22.51,700,OFED
"Oct 29, 2020",21.78,22.79,21.78,22.79,900,OFED
"Oct 28, 2020",24.30,24.30,24.30,24.30,700,OFED
"Oct 27, 2020",24.55,24.55,24.55,24.55,300,OFED
"Oct 26, 2020",24.20,24.20,24.20,24.20,500,OFED
"Oct 23, 2020",24.26,24.26,24.26,24.26,300,OFED
"Oct 22, 2020",24.20,25.07,24.20,25.07,"1,900",OFED
"Oct 21, 2020",25.95,26.72,25.95,26.72,600,OFED
"Oct 20, 2020",26.20,26.20,26.20,26.20,200,OFED
"Oct 19, 2020",25.01,25.01,25.01,25.01,100,OFED
"Oct 16, 2020",24.51,25.01,24.51,25.01,400,OFED
"Oct 15, 2020",23.98,25.47,23.98,25.47,"1,000",OFED
"Oct 14, 2020",25.25,25.25,25.25,25.25,-,OFED
"Oct 13, 2020",25.25,25.25,25.25,25.25,-,OFED
"Oct 12, 2020",25.25,25.25,25.25,25.25,500,OFED
"Oct 09, 2020",24.24,24.24,24.24,24.24,-,OFED
"Oct 08, 2020",23.50,25.57,23.38,24.24,900,OFED
"Oct 07, 2020",24.21,25.66,23.01,25.37,"1,500",OFED
"Oct 06, 2020",22.00,22.30,21.71,22.30,"3,500",OFED
"Oct 05, 2020",21.24,21.24,21.24,21.24,500,OFED
"Oct 02, 2020",20.70,20.70,20.70,20.70,300,OFED
"Oct 01, 2020",20.81,20.81,20.81,20.81,400,OFED
"Sep 30, 2020",21.47,21.47,21.47,21.47,-,OFED
"Sep 29, 2020",21.47,21.47,21.47,21.47,-,OFED
"Sep 28, 2020",21.85,21.85,21.47,21.47,"1,000",OFED
"Sep 25, 2020",20.90,20.90,20.90,20.90,700,OFED
"Sep 24, 2020",21.10,21.10,21.10,21.10,500,OFED
"Sep 23, 2020",22.61,22.61,21.30,21.78,"3,800",OFED
"Sep 22, 2020",22.38,22.77,22.38,22.77,"1,000",OFED
"Sep 21, 2020",21.76,21.76,21.76,21.76,"1,000",OFED
"Sep 18, 2020",22.38,22.38,21.13,22.33,"3,100",OFED
"Sep 17, 2020",22.20,22.20,22.20,22.20,400,OFED
"Sep 16, 2020",22.04,22.04,21.40,21.40,600,OFED
"Sep 15, 2020",21.06,21.06,21.06,21.06,500,OFED
"Sep 14, 2020",22.16,22.16,22.16,22.16,700,OFED
"Sep 11, 2020",22.70,22.71,20.76,21.87,"4,500",OFED
"Sep 10, 2020",23.86,23.86,23.86,23.86,300,OFED
"Sep 09, 2020",25.30,25.30,24.75,24.75,"1,100",OFED
"Sep 08, 2020",25.23,25.81,25.23,25.81,400,OFED
"Sep 04, 2020",26.41,26.41,26.41,26.41,300,OFED
"Sep 03, 2020",25.61,26.03,25.61,26.03,400,OFED
"Sep 02, 2020",26.74,26.74,26.74,26.74,-,OFED
"Sep 01, 2020",26.74,26.74,26.74,26.74,300,OFED
"Aug 31, 2020",26.26,26.26,26.26,26.26,"1,100",OFED
"Aug 28, 2020",26.95,26.95,26.95,26.95,300,OFED
"Aug 27, 2020",26.23,26.23,26.23,26.23,200,OFED
"Aug 26, 2020",26.26,26.26,26.26,26.26,500,OFED
"Aug 25, 2020",26.72,26.72,26.72,26.72,-,OFED
"Aug 24, 2020",26.72,26.72,26.72,26.72,-,OFED
"Aug 21, 2020",26.06,26.72,26.06,26.72,800,OFED
"Aug 20, 2020",26.78,26.78,26.78,26.78,-,OFED
"Aug 19, 2020",26.05,26.78,26.05,26.78,700,OFED
"Aug 18, 2020",26.91,26.91,26.91,26.91,200,OFED
"Aug 17, 2020",26.91,26.91,26.91,26.91,-,OFED
"Aug 14, 2020",26.91,26.91,26.91,26.91,-,OFED
"Aug 13, 2020",26.89,26.91,26.89,26.91,500,OFED
"Aug 12, 2020",26.50,26.50,26.50,26.50,400,OFED
"Aug 11, 2020",26.94,26.94,26.05,26.05,400,OFED
"Aug 10, 2020",26.52,26.52,26.52,26.52,300,OFED
"Aug 07, 2020",26.21,26.21,26.21,26.21,300,OFED
"Aug 06, 2020",26.94,26.94,26.94,26.94,100,OFED
"Aug 05, 2020",26.94,26.94,26.94,26.94,400,OFED
"Aug 04, 2020",26.94,26.94,26.94,26.94,200,OFED
"Aug 03, 2020",25.41,25.41,25.41,25.41,200,OFED
"Jul 31, 2020",26.95,26.99,25.41,25.41,"3,200",OFED
"Jul 30, 2020",26.51,26.51,26.51,26.51,300,OFED
"Jul 29, 2020",26.75,26.75,26.50,26.50,"6,200",OFED
"Jul 28, 2020",26.40,26.73,26.12,26.25,"5,600",OFED
"Jul 27, 2020",25.45,25.45,25.45,25.45,-,OFED
"Jul 24, 2020",25.45,25.45,25.45,25.45,-,OFED
"Jul 23, 2020",25.45,25.45,25.45,25.45,100,OFED
"Jul 22, 2020",26.65,26.71,26.65,26.65,500,OFED
"Jul 21, 2020",26.52,26.75,26.50,26.75,700,OFED
"Jul 20, 2020",26.75,26.75,26.25,26.25,"1,100",OFED
"Jul 17, 2020",26.32,26.75,26.25,26.25,"3,400",OFED
"Jul 16, 2020",26.13,26.75,26.13,26.75,"1,500",OFED
"Jul 15, 2020",26.17,26.20,26.17,26.20,"7,100",OFED
"Jul 14, 2020",26.30,26.30,26.30,26.30,700,OFED
"Jul 13, 2020",26.57,26.57,25.65,25.65,800,OFED
"Jul 10, 2020",26.40,26.70,26.40,26.70,"1,200",OFED
"Jul 09, 2020",25.93,26.28,25.15,25.15,"9,700",OFED
"Jul 08, 2020",25.61,25.78,25.61,25.78,"1,100",OFED
"Jul 07, 2020",25.78,25.78,25.43,25.45,"1,100",OFED
"Jul 06, 2020",25.84,25.84,25.51,25.51,800,OFED
"Jul 02, 2020",24.78,25.65,24.76,25.65,"3,600",OFED
"Jul 01, 2020",24.26,24.74,24.26,24.74,900,OFED
"Jun 30, 2020",24.54,25.77,24.22,25.77,"1,700",OFED
"Jun 29, 2020",26.68,26.68,24.12,26.58,"3,100",OFED
"Jun 26, 2020",26.50,27.99,24.80,25.12,"116,500",OFED
"Jun 25, 2020",27.50,28.00,27.00,27.62,"11,600",OFED
"Jun 24, 2020",28.00,28.00,26.85,27.95,"5,800",OFED
